,사고번호,사고일시,요일,시군구,사고내용,사망자수,중상자수,경상자수,부상신고자수,사고유형,법규위반,노면상태,기상상태,도로형태,가해운전자 차종,가해운전자 성별,가해운전자 연령,가해운전자 상해정도,피해운전자 차종,피해운전자 성별,피해운전자 연령,피해운전자 상해정도
6213,2020070300100572,2020년 7월 3일 20시,금요일,대구광역시 중구 태평로1가,중상사고,0,1,0,0,차대사람 - 기타,안전운전불이행,포장 - 젖음/습기,비,단일로 - 지하차도(도로)내,승용,남,67세,상해없음,보행자,남,61세,중상
6214,2020070300100654,2020년 7월 3일 22시,금요일,대구광역시 북구 산격동,중상사고,0,1,0,0,차대사람 - 횡단중,안전운전불이행,포장 - 젖음/습기,비,단일로 - 기타,이륜,남,27세,상해없음,보행자,남,61세,중상
6215,2020070300100655,2020년 7월 3일 22시,금요일,대구광역시 달서구 본리동,경상사고,0,0,1,0,차대사람 - 길가장자리구역통행중,안전운전불이행,포장 - 젖음/습기,비,단일로 - 기타,승용,남,61세,상해없음,보행자,남,51세,경상
6216,2020070400100208,2020년 7월 4일 10시,토요일,대구광역시 달서구 본동,부상신고사고,0,0,0,1,차대사람 - 기타,안전운전불이행,포장 - 건조,맑음,단일로 - 기타,화물,남,57세,상해없음,보행자,남,72세,부상신고
6217,2020070400100275,2020년 7월 4일 12시,토요일,대구광역시 남구 대명동,경상사고,0,0,1,0,차대사람 - 기타,안전운전불이행,포장 - 건조,맑음,단일로 - 기타,승용,남,28세,상해없음,보행자,남,10세,경상
6218,2020070400100313,2020년 7월 4일 13시,토요일,대구광역시 동구 신암동,경상사고,0,0,1,0,차대사람 - 기타,기타,포장 - 건조,맑음,단일로 - 기타,승합,남,59세,상해없음,보행자,남,57세,경상
6219,2020070400100468,2020년 7월 4일 17시,토요일,대구광역시 수성구 신매동,중상사고,0,1,0,0,차대사람 - 기타,기타,포장 - 건조,맑음,기타 - 기타,자전거,남,7세,상해없음,보행자,여,68세,중상
6220,2020070400100567,2020년 7월 4일 20시,토요일,대구광역시 달서구 죽전동,경상사고,0,0,1,0,차대사람 - 횡단중,보행자보호의무위반,포장 - 건조,맑음,기타 - 기타,승용,남,60세,상해없음,보행자,남,42세,경상
6221,2020070400100626,2020년 7월 4일 22시,토요일,대구광역시 달서구 송현동,중상사고,0,1,0,0,차대사람 - 횡단중,안전운전불이행,포장 - 건조,맑음,단일로 - 기타,승용,남,70세,상해없음,보행자,여,20세,중상
6222,2020070500100052,2020년 7월 5일 03시,일요일,대구광역시 중구 삼덕동1가,경상사고,0,0,1,0,차대사람 - 기타,안전운전불이행,포장 - 건조,맑음,단일로 - 기타,승용,남,27세,상해없음,보행자,남,22세,경상
6223,2020070500100068,2020년 7월 5일 05시,일요일,대구광역시 남구 대명동,경상사고,0,0,1,0,차대사람 - 기타,안전운전불이행,포장 - 건조,맑음,단일로 - 기타,승용,남,69세,상해없음,보행자,남,19세,경상
6224,2020070500100355,2020년 7월 5일 18시,일요일,대구광역시 북구 대현동,경상사고,0,0,1,0,차대사람 - 길가장자리구역통행중,안전운전불이행,포장 - 건조,맑음,단일로 - 기타,승용,남,62세,상해없음,보행자,남,78세,경상
6225,2020070600100421,2020년 7월 6일 17시,월요일,대구광역시 북구 노원동1가,경상사고,0,0,1,0,차대사람 - 횡단중,보행자보호의무위반,포장 - 건조,맑음,교차로 - 교차로횡단보도내,화물,남,57세,상해없음,보행자,남,43세,경상
6226,2020070600100423,2020년 7월 6일 17시,월요일,대구광역시 중구 남산동,경상사고,0,0,1,0,차대사람 - 기타,안전운전불이행,포장 - 건조,맑음,교차로 - 교차로부근,화물,남,55세,상해없음,보행자,여,78세,경상
6227,2020070600100494,2020년 7월 6일 19시,월요일,대구광역시 중구 동인동4가,부상신고사고,0,0,0,1,차대사람 - 기타,안전운전불이행,포장 - 건조,맑음,단일로 - 기타,기타불명,기타불명,미분류,기타불명,보행자,남,36세,부상신고
6228,2020070600100524,2020년 7월 6일 20시,월요일,대구광역시 북구 팔달동,경상사고,0,0,1,0,차대사람 - 기타,보행자보호의무위반,포장 - 건조,맑음,단일로 - 기타,승용,남,60세,상해없음,보행자,남,62세,경상
6229,2020070700100007,2020년 7월 7일 00시,화요일,대구광역시 달서구 성당동,중상사고,0,1,0,0,차대사람 - 차도통행중,안전운전불이행,포장 - 건조,맑음,단일로 - 기타,승용,남,65세,상해없음,보행자,남,59세,중상
6230,2020070700100119,2020년 7월 7일 08시,화요일,대구광역시 수성구 황금동,중상사고,0,2,0,0,차대사람 - 횡단중,안전운전불이행,포장 - 건조,맑음,단일로 - 기타,승용,여,33세,상해없음,보행자,남,12세,중상
6231,2020070700100262,2020년 7월 7일 13시,화요일,대구광역시 수성구 만촌동,경상사고,0,0,1,0,차대사람 - 기타,보행자보호의무위반,포장 - 건조,흐림,교차로 - 교차로횡단보도내,승용,남,49세,상해없음,보행자,여,7세,경상
6232,2020070700100291,2020년 7월 7일 14시,화요일,대구광역시 달성군 논공읍,중상사고,0,1,0,0,차대사람 - 기타,안전운전불이행,포장 - 건조,맑음,교차로 - 교차로안,화물,남,60세,상해없음,보행자,여,68세,중상
6233,2020070700100294,2020년 7월 7일 14시,화요일,대구광역시 달서구 두류동,중상사고,0,1,0,0,차대사람 - 횡단중,보행자보호의무위반,포장 - 건조,맑음,교차로 - 교차로횡단보도내,승용,남,57세,상해없음,보행자,여,60세,중상
6234,2020070700100326,2020년 7월 7일 15시,화요일,대구광역시 달서구 상인동,중상사고,0,1,0,0,차대사람 - 보도통행중,안전운전불이행,포장 - 건조,맑음,기타 - 기타,자전거,남,12세,상해없음,보행자,여,58세,중상
6235,2020070700100327,2020년 7월 7일 15시,화요일,대구광역시 달성군 화원읍,경상사고,0,0,1,0,차대사람 - 기타,안전운전불이행,포장 - 건조,맑음,단일로 - 기타,화물,남,56세,상해없음,보행자,여,9세,경상
6236,2020070700100329,2020년 7월 7일 15시,화요일,대구광역시 달서구 이곡동,경상사고,0,0,1,0,차대사람 - 보도통행중,기타,포장 - 건조,맑음,교차로 - 교차로부근,기타불명,기타불명,미분류,기타불명,보행자,여,8세,경상
6237,2020070800100028,2020년 7월 8일 03시,수요일,대구광역시 달서구 상인동,부상신고사고,0,0,0,1,차대사람 - 기타,안전운전불이행,포장 - 건조,맑음,단일로 - 기타,승용,남,25세,상해없음,보행자,남,48세,부상신고
6238,2020070800100081,2020년 7월 8일 07시,수요일,대구광역시 수성구 두산동,경상사고,0,0,1,0,차대사람 - 차도통행중,안전운전불이행,포장 - 건조,맑음,단일로 - 기타,승용,남,37세,상해없음,보행자,남,31세,경상
6239,2020070800100148,2020년 7월 8일 09시,수요일,대구광역시 동구 신암동,경상사고,0,0,1,0,차대사람 - 길가장자리구역통행중,안전운전불이행,포장 - 건조,맑음,단일로 - 기타,화물,남,57세,상해없음,보행자,남,65세,경상
6240,2020070800100185,2020년 7월 8일 10시,수요일,대구광역시 수성구 두산동,중상사고,0,1,0,0,차대사람 - 횡단중,안전운전불이행,포장 - 건조,맑음,교차로 - 교차로부근,화물,남,75세,상해없음,보행자,남,67세,중상
6241,2020070800100216,2020년 7월 8일 11시,수요일,대구광역시 서구 내당동,경상사고,0,0,1,0,차대사람 - 기타,안전운전불이행,포장 - 건조,맑음,단일로 - 기타,기타불명,기타불명,미분류,기타불명,보행자,남,45세,경상
6242,2020070800100358,2020년 7월 8일 15시,수요일,대구광역시 달서구 송현동,경상사고,0,0,1,0,차대사람 - 길가장자리구역통행중,안전운전불이행,포장 - 건조,맑음,단일로 - 기타,승용,여,63세,상해없음,보행자,남,38세,경상
6243,2020070800100564,2020년 7월 8일 20시,수요일,대구광역시 남구 대명동,부상신고사고,0,0,0,2,차대사람 - 기타,기타,포장 - 건조,맑음,기타 - 기타,자전거,남,69세,부상신고,보행자,여,16세,부상신고
6244,2020070800100566,2020년 7월 8일 20시,수요일,대구광역시 달성군 논공읍,중상사고,0,1,0,0,차대사람 - 기타,안전운전불이행,포장 - 건조,맑음,단일로 - 기타,승용,남,39세,상해없음,보행자,남,39세,중상
6245,2020070800100630,2020년 7월 8일 23시,수요일,대구광역시 동구 신천동,중상사고,0,1,0,0,차대사람 - 횡단중,신호위반,포장 - 건조,맑음,교차로 - 교차로횡단보도내,승용,남,25세,상해없음,보행자,여,29세,중상
6246,2020070900100154,2020년 7월 9일 09시,목요일,대구광역시 달서구 상인동,경상사고,0,0,1,0,차대사람 - 기타,안전운전불이행,포장 - 건조,맑음,단일로 - 기타,승용,남,68세,상해없음,보행자,남,62세,경상
6247,2020070900100196,2020년 7월 9일 10시,목요일,대구광역시 수성구 만촌동,경상사고,0,0,1,0,차대사람 - 횡단중,안전운전불이행,포장 - 건조,맑음,교차로 - 교차로안,승용,여,40세,상해없음,보행자,남,81세,경상
6248,2020070900100266,2020년 7월 9일 12시,목요일,대구광역시 남구 대명동,경상사고,0,0,1,0,차대사람 - 기타,안전운전불이행,포장 - 건조,맑음,단일로 - 기타,승용,남,51세,상해없음,보행자,남,72세,경상
6249,2020070900100307,2020년 7월 9일 13시,목요일,대구광역시 동구 율하동,중상사고,0,1,0,0,차대사람 - 횡단중,보행자보호의무위반,포장 - 건조,맑음,교차로 - 교차로부근,승용,남,60세,상해없음,보행자,여,11세,중상
6250,2020070900100348,2020년 7월 9일 14시,목요일,대구광역시 수성구 범물동,중상사고,0,1,0,0,차대사람 - 횡단중,안전운전불이행,포장 - 건조,맑음,교차로 - 교차로안,승용,여,66세,상해없음,보행자,여,63세,중상
6251,2020070900100476,2020년 7월 9일 17시,목요일,대구광역시 서구 비산동,경상사고,0,0,1,0,차대사람 - 기타,안전운전불이행,포장 - 건조,맑음,단일로 - 기타,승용,남,60세,상해없음,보행자,남,68세,경상
6252,2020070900100638,2020년 7월 9일 21시,목요일,대구광역시 동구 신암동,중상사고,0,1,0,0,차대사람 - 횡단중,안전운전불이행,포장 - 건조,맑음,단일로 - 기타,승용,남,31세,상해없음,보행자,여,21세,중상
6253,2020070900100681,2020년 7월 9일 23시,목요일,대구광역시 남구 대명동,경상사고,0,0,1,0,차대사람 - 기타,보행자보호의무위반,포장 - 건조,맑음,교차로 - 교차로횡단보도내,기타불명,기타불명,미분류,기타불명,보행자,여,46세,경상
6254,2020071000100029,2020년 7월 10일 01시,금요일,대구광역시 달서구 상인동,부상신고사고,0,0,0,1,차대사람 - 길가장자리구역통행중,안전운전불이행,포장 - 건조,맑음,단일로 - 기타,기타불명,기타불명,미분류,기타불명,보행자,남,36세,부상신고
6255,2020071000100312,2020년 7월 10일 14시,금요일,대구광역시 수성구 신매동,경상사고,0,0,1,0,차대사람 - 기타,안전운전불이행,포장 - 건조,맑음,단일로 - 기타,승용,여,38세,상해없음,보행자,남,22세,경상
6256,2020071100100055,2020년 7월 11일 02시,토요일,대구광역시 중구 삼덕동1가,경상사고,0,0,1,0,차대사람 - 길가장자리구역통행중,안전운전불이행,포장 - 건조,맑음,단일로 - 기타,승용,남,19세,상해없음,보행자,남,22세,경상
6257,2020071100100149,2020년 7월 11일 09시,토요일,대구광역시 북구 칠성동2가,경상사고,0,0,1,0,차대사람 - 기타,안전운전불이행,포장 - 건조,맑음,기타 - 기타,화물,남,61세,상해없음,보행자,여,48세,경상
6258,2020071100100394,2020년 7월 11일 15시,토요일,대구광역시 서구 평리동,경상사고,0,0,1,0,차대사람 - 기타,안전운전불이행,포장 - 건조,맑음,단일로 - 기타,승용,남,24세,상해없음,보행자,남,57세,경상
6259,2020071100100425,2020년 7월 11일 16시,토요일,대구광역시 수성구 욱수동,중상사고,0,1,0,0,차대사람 - 기타,안전운전불이행,포장 - 건조,맑음,교차로 - 교차로안,승용,여,49세,상해없음,보행자,남,9세,중상
6260,2020071200100024,2020년 7월 12일 01시,일요일,대구광역시 중구 공평동,경상사고,0,0,1,0,차대사람 - 길가장자리구역통행중,안전운전불이행,포장 - 건조,맑음,단일로 - 기타,승용,남,23세,상해없음,보행자,여,19세,경상
6261,2020071200100025,2020년 7월 12일 01시,일요일,대구광역시 달서구 감삼동,경상사고,0,0,1,0,차대사람 - 차도통행중,안전운전불이행,포장 - 건조,맑음,교차로 - 교차로안,승용,남,52세,상해없음,보행자,남,47세,경상
6262,2020071200100026,2020년 7월 12일 01시,일요일,대구광역시 북구 국우동,부상신고사고,0,0,0,1,차대사람 - 기타,안전운전불이행,포장 - 건조,맑음,단일로 - 기타,기타불명,기타불명,미분류,기타불명,보행자,여,56세,부상신고
6263,2020071200100317,2020년 7월 12일 17시,일요일,대구광역시 북구 고성동3가,중상사고,0,1,0,0,차대사람 - 횡단중,안전운전불이행,포장 - 건조,맑음,단일로 - 기타,승용,여,60세,상해없음,보행자,여,76세,중상
6264,2020071200100427,2020년 7월 12일 20시,일요일,대구광역시 중구 공평동,경상사고,0,0,1,0,차대사람 - 기타,중앙선침범,포장 - 젖음/습기,비,단일로 - 기타,이륜,남,62세,상해없음,보행자,남,23세,경상
6265,2020071200100470,2020년 7월 12일 21시,일요일,대구광역시 달서구 두류동,경상사고,0,0,1,0,차대사람 - 기타,안전운전불이행,포장 - 젖음/습기,비,단일로 - 기타,승용,남,47세,상해없음,보행자,남,53세,경상
6266,2020071300100025,2020년 7월 13일 01시,월요일,대구광역시 중구 달성동,중상사고,0,1,0,0,차대사람 - 기타,안전운전불이행,포장 - 젖음/습기,비,교차로 - 교차로부근,승용,남,51세,상해없음,보행자,남,58세,중상
6267,2020071300100026,2020년 7월 13일 01시,월요일,대구광역시 북구 태전동,중상사고,0,1,0,0,차대사람 - 기타,안전운전불이행,포장 - 젖음/습기,비,기타 - 기타,승용,남,22세,상해없음,보행자,남,22세,중상
6268,2020071300100413,2020년 7월 13일 17시,월요일,대구광역시 달성군 다사읍,중상사고,0,1,0,0,차대사람 - 기타,보행자보호의무위반,포장 - 건조,맑음,교차로 - 교차로안,승용,남,60세,상해없음,보행자,여,74세,중상
6269,2020071300100448,2020년 7월 13일 18시,월요일,대구광역시 동구 효목동,경상사고,0,0,1,0,차대사람 - 기타,안전운전불이행,포장 - 건조,맑음,단일로 - 기타,승용,남,40세,상해없음,보행자,남,23세,경상
6270,2020071300100449,2020년 7월 13일 18시,월요일,대구광역시 달서구 상인동,경상사고,0,0,1,0,차대사람 - 횡단중,보행자보호의무위반,포장 - 건조,맑음,단일로 - 기타,승용,여,41세,상해없음,보행자,남,18세,경상
6271,2020071300100551,2020년 7월 13일 21시,월요일,대구광역시 동구 대림동,경상사고,0,0,1,0,차대사람 - 기타,신호위반,포장 - 건조,맑음,교차로 - 교차로횡단보도내,승용,남,23세,상해없음,보행자,남,10세,경상
6272,2020071400100078,2020년 7월 14일 05시,화요일,대구광역시 동구 신천동,경상사고,0,0,1,0,차대사람 - 기타,안전운전불이행,포장 - 젖음/습기,흐림,단일로 - 기타,승용,남,38세,기타불명,보행자,남,66세,경상
6273,2020071400100106,2020년 7월 14일 07시,화요일,대구광역시 중구 대봉동,경상사고,0,0,1,0,차대사람 - 보도통행중,보행자보호의무위반,포장 - 건조,맑음,단일로 - 기타,기타불명,기타불명,미분류,기타불명,보행자,남,72세,경상
6274,2020071400100144,2020년 7월 14일 08시,화요일,대구광역시 북구 노원동3가,경상사고,0,0,1,0,차대사람 - 횡단중,안전운전불이행,포장 - 건조,맑음,단일로 - 기타,이륜,남,57세,상해없음,보행자,여,60세,경상
6275,2020071400100237,2020년 7월 14일 11시,화요일,대구광역시 달성군 현풍읍,사망사고,1,0,0,0,차대사람 - 기타,안전운전불이행,포장 - 젖음/습기,비,교차로 - 교차로안,화물,남,68세,상해없음,보행자,여,80세,사망
6276,2020071400100375,2020년 7월 14일 15시,화요일,대구광역시 달서구 송현동,중상사고,0,1,0,0,차대사람 - 횡단중,안전운전불이행,포장 - 건조,맑음,교차로 - 교차로안,화물,남,58세,상해없음,보행자,남,60세,중상
6277,2020071400100413,2020년 7월 14일 16시,화요일,대구광역시 남구 대명동,중상사고,0,1,0,0,차대사람 - 차도통행중,안전운전불이행,포장 - 건조,맑음,단일로 - 기타,승용,여,35세,상해없음,보행자,남,81세,중상
6278,2020071400100489,2020년 7월 14일 18시,화요일,대구광역시 동구 효목동,경상사고,0,0,1,0,차대사람 - 기타,안전운전불이행,포장 - 건조,맑음,단일로 - 기타,승합,남,62세,상해없음,보행자,여,31세,경상
6279,2020071400100490,2020년 7월 14일 18시,화요일,대구광역시 동구 지묘동,중상사고,0,1,0,0,차대사람 - 기타,안전운전불이행,포장 - 건조,맑음,단일로 - 기타,승합,남,50세,상해없음,보행자,여,71세,중상
6280,2020071400100614,2020년 7월 14일 22시,화요일,대구광역시 중구 공평동,경상사고,0,0,1,0,차대사람 - 차도통행중,안전운전불이행,포장 - 젖음/습기,맑음,단일로 - 기타,승용,여,24세,상해없음,보행자,남,26세,경상
6281,2020071400100639,2020년 7월 14일 23시,화요일,대구광역시 수성구 범어동,중상사고,0,1,1,0,차대사람 - 횡단중,안전운전불이행,포장 - 젖음/습기,흐림,기타 - 기타,승용,남,63세,상해없음,보행자,남,43세,중상
6282,2020071500100034,2020년 7월 15일 03시,수요일,대구광역시 남구 대명동,경상사고,0,0,1,0,차대사람 - 기타,안전운전불이행,포장 - 젖음/습기,비,단일로 - 기타,승용,여,26세,상해없음,보행자,남,40세,경상
6283,2020071500100241,2020년 7월 15일 12시,수요일,대구광역시 남구 대명동,부상신고사고,0,0,0,1,차대사람 - 기타,안전운전불이행,포장 - 건조,맑음,단일로 - 기타,기타불명,기타불명,미분류,기타불명,보행자,남,19세,부상신고
6284,2020071500100524,2020년 7월 15일 19시,수요일,대구광역시 달서구 이곡동,경상사고,0,0,1,0,차대사람 - 횡단중,보행자보호의무위반,포장 - 건조,흐림,교차로 - 교차로횡단보도내,승용,남,56세,상해없음,보행자,남,64세,경상
6285,2020071500100559,2020년 7월 15일 20시,수요일,대구광역시 수성구 황금동,중상사고,0,1,0,0,차대사람 - 횡단중,신호위반,포장 - 건조,맑음,교차로 - 교차로부근,승용,여,32세,기타불명,보행자,남,35세,중상
6286,2020071600100024,2020년 7월 16일 01시,목요일,대구광역시 수성구 만촌동,중상사고,0,1,0,0,차대사람 - 횡단중,안전운전불이행,포장 - 건조,맑음,단일로 - 기타,기타불명,기타불명,미분류,기타불명,보행자,남,66세,중상
6287,2020071600100300,2020년 7월 16일 13시,목요일,대구광역시 수성구 신매동,경상사고,0,0,1,0,차대사람 - 보도통행중,안전운전불이행,포장 - 건조,맑음,교차로 - 교차로안,이륜,남,81세,상해없음,보행자,남,63세,경상
6288,2020071600100607,2020년 7월 16일 21시,목요일,대구광역시 남구 봉덕동,부상신고사고,0,0,0,1,차대사람 - 기타,안전운전불이행,포장 - 건조,맑음,교차로 - 교차로부근,승용,남,43세,상해없음,보행자,여,22세,부상신고
6289,2020071600100608,2020년 7월 16일 21시,목요일,대구광역시 수성구 두산동,경상사고,0,0,1,0,차대사람 - 차도통행중,안전운전불이행,포장 - 건조,맑음,단일로 - 기타,승용,여,62세,상해없음,보행자,여,56세,경상
6290,2020071700100030,2020년 7월 17일 03시,금요일,대구광역시 달서구 용산동,중상사고,0,1,0,0,차대사람 - 기타,안전운전불이행,포장 - 건조,맑음,단일로 - 기타,승용,남,47세,상해없음,보행자,남,61세,중상
6291,2020071700100524,2020년 7월 17일 18시,금요일,대구광역시 달서구 신당동,경상사고,0,0,1,0,차대사람 - 기타,안전운전불이행,포장 - 건조,맑음,교차로 - 교차로안,화물,남,50세,상해없음,보행자,남,9세,경상
6292,2020071700100526,2020년 7월 17일 18시,금요일,대구광역시 북구 태전동,사망사고,1,0,0,0,차대사람 - 횡단중,안전운전불이행,포장 - 건조,맑음,교차로 - 교차로부근,승합,남,46세,상해없음,보행자,여,81세,사망
6293,2020071700100527,2020년 7월 17일 18시,금요일,대구광역시 북구 태전동,경상사고,0,0,1,0,차대사람 - 기타,기타,포장 - 건조,맑음,단일로 - 기타,승합,남,60세,상해없음,보행자,여,25세,경상
6294,2020071700100572,2020년 7월 17일 19시,금요일,대구광역시 달서구 두류동,경상사고,0,0,1,0,차대사람 - 기타,안전운전불이행,포장 - 건조,맑음,단일로 - 기타,승용,남,25세,상해없음,보행자,여,46세,경상
6295,2020071800100137,2020년 7월 18일 09시,토요일,대구광역시 북구 침산동,중상사고,0,1,0,0,차대사람 - 길가장자리구역통행중,안전운전불이행,포장 - 건조,맑음,단일로 - 기타,승용,남,66세,상해없음,보행자,여,48세,중상
6296,2020071800100138,2020년 7월 18일 09시,토요일,대구광역시 달서구 성당동,중상사고,0,1,0,0,차대사람 - 차도통행중,안전운전불이행,포장 - 건조,맑음,단일로 - 기타,화물,남,67세,상해없음,보행자,여,77세,중상
6297,2020071800100234,2020년 7월 18일 12시,토요일,대구광역시 동구 지묘동,경상사고,0,0,1,0,차대사람 - 기타,안전운전불이행,포장 - 건조,맑음,주차장 - 주차장,승용,남,40세,상해없음,보행자,남,30세,경상
6298,2020071800100235,2020년 7월 18일 12시,토요일,대구광역시 동구 방촌동,부상신고사고,0,0,0,1,차대사람 - 길가장자리구역통행중,안전운전불이행,포장 - 건조,맑음,단일로 - 기타,기타불명,기타불명,미분류,기타불명,보행자,여,26세,부상신고
6299,2020071800100279,2020년 7월 18일 13시,토요일,대구광역시 서구 평리동,경상사고,0,0,1,0,차대사람 - 기타,안전운전불이행,포장 - 건조,맑음,단일로 - 기타,승용,남,71세,상해없음,보행자,여,57세,경상
6300,2020071800100371,2020년 7월 18일 15시,토요일,대구광역시 서구 평리동,부상신고사고,0,0,0,1,차대사람 - 기타,안전운전불이행,포장 - 건조,맑음,단일로 - 기타,승용,남,71세,상해없음,보행자,여,43세,부상신고
6301,2020071800100505,2020년 7월 18일 19시,토요일,대구광역시 동구 신천동,경상사고,0,0,1,0,차대사람 - 기타,안전운전불이행,포장 - 건조,맑음,주차장 - 주차장,승용,남,31세,상해없음,보행자,남,65세,경상
6302,2020072000100066,2020년 7월 20일 07시,월요일,대구광역시 북구 산격동,경상사고,0,0,1,0,차대사람 - 길가장자리구역통행중,안전운전불이행,포장 - 건조,맑음,단일로 - 기타,승용,남,58세,상해없음,보행자,여,25세,경상
6303,2020072000100144,2020년 7월 20일 09시,월요일,대구광역시 달성군 화원읍,중상사고,0,1,0,0,차대사람 - 기타,안전운전불이행,포장 - 건조,맑음,단일로 - 기타,승합,남,60세,상해없음,보행자,여,61세,중상
6304,2020072000100170,2020년 7월 20일 10시,월요일,대구광역시 달서구 이곡동,중상사고,0,1,0,0,차대사람 - 횡단중,안전운전불이행,포장 - 젖음/습기,비,교차로 - 교차로안,화물,남,47세,상해없음,보행자,여,64세,중상
6305,2020072000100352,2020년 7월 20일 16시,월요일,대구광역시 남구 대명동,부상신고사고,0,0,0,1,차대사람 - 보도통행중,안전운전불이행,포장 - 건조,맑음,기타 - 기타,기타불명,기타불명,미분류,기타불명,보행자,남,25세,부상신고
6306,2020072000100430,2020년 7월 20일 18시,월요일,대구광역시 달서구 송현동,중상사고,0,1,0,0,차대사람 - 기타,안전운전불이행,포장 - 건조,맑음,단일로 - 기타,승용,남,23세,상해없음,보행자,남,74세,중상
6307,2020072100100147,2020년 7월 21일 09시,화요일,대구광역시 달서구 두류동,경상사고,0,0,1,0,차대사람 - 횡단중,보행자보호의무위반,포장 - 건조,맑음,단일로 - 기타,승용,여,37세,상해없음,보행자,남,74세,경상
6308,2020072100100174,2020년 7월 21일 10시,화요일,대구광역시 남구 봉덕동,중상사고,0,1,0,0,차대사람 - 횡단중,보행자보호의무위반,포장 - 건조,맑음,교차로 - 교차로횡단보도내,승합,남,49세,상해없음,보행자,여,63세,중상
6309,2020072100100489,2020년 7월 21일 18시,화요일,대구광역시 서구 비산동,중상사고,0,1,0,0,차대사람 - 기타,안전운전불이행,포장 - 건조,맑음,단일로 - 기타,이륜,남,18세,상해없음,보행자,여,25세,중상
6310,2020072100100600,2020년 7월 21일 22시,화요일,대구광역시 달서구 송현동,경상사고,0,0,1,0,차대사람 - 길가장자리구역통행중,안전운전불이행,포장 - 건조,맑음,단일로 - 기타,승용,남,26세,상해없음,보행자,남,51세,경상
6311,2020072200100062,2020년 7월 22일 05시,수요일,대구광역시 수성구 만촌동,경상사고,0,0,1,0,차대사람 - 횡단중,안전운전불이행,포장 - 젖음/습기,비,교차로 - 교차로횡단보도내,승용,남,68세,상해없음,보행자,남,22세,경상
6312,2020072200100140,2020년 7월 22일 08시,수요일,대구광역시 남구 대명동,경상사고,0,0,1,0,차대사람 - 기타,안전운전불이행,포장 - 젖음/습기,비,단일로 - 기타,화물,남,61세,상해없음,보행자,여,28세,경상
6313,2020072200100142,2020년 7월 22일 08시,수요일,대구광역시 수성구 중동,중상사고,0,1,0,0,차대사람 - 횡단중,안전운전불이행,포장 - 건조,맑음,단일로 - 기타,승용,남,38세,상해없음,보행자,여,48세,중상
6314,2020072200100407,2020년 7월 22일 16시,수요일,대구광역시 달서구 송현동,경상사고,0,0,1,0,차대사람 - 기타,안전운전불이행,포장 - 젖음/습기,비,단일로 - 기타,승용,남,40세,상해없음,보행자,남,45세,경상
6315,2020072200100408,2020년 7월 22일 16시,수요일,대구광역시 달서구 성당동,경상사고,0,0,1,0,차대사람 - 횡단중,보행자보호의무위반,포장 - 젖음/습기,비,단일로 - 기타,승용,남,83세,상해없음,보행자,여,21세,경상
6316,2020072200100550,2020년 7월 22일 19시,수요일,대구광역시 북구 관음동,중상사고,0,1,0,0,차대사람 - 차도통행중,교차로운행방법위반,포장 - 젖음/습기,흐림,교차로 - 교차로안,승용,남,38세,상해없음,보행자,남,55세,중상
6317,2020072200100578,2020년 7월 22일 20시,수요일,대구광역시 달서구 월성동,경상사고,0,0,1,0,차대사람 - 횡단중,보행자보호의무위반,포장 - 젖음/습기,비,교차로 - 교차로안,승용,여,24세,상해없음,보행자,남,53세,경상
6318,2020072300100123,2020년 7월 23일 08시,목요일,대구광역시 동구 검사동,부상신고사고,0,0,0,1,차대사람 - 기타,안전운전불이행,포장 - 젖음/습기,비,단일로 - 기타,자전거,남,55세,부상신고,보행자,남,35세,상해없음
6319,2020072300100177,2020년 7월 23일 10시,목요일,대구광역시 북구 읍내동,경상사고,0,0,1,0,차대사람 - 기타,안전운전불이행,포장 - 건조,맑음,단일로 - 기타,승용,남,79세,상해없음,보행자,남,41세,경상
6320,2020072300100291,2020년 7월 23일 14시,목요일,대구광역시 동구 신암동,중상사고,0,1,0,0,차대사람 - 기타,안전운전불이행,포장 - 젖음/습기,비,단일로 - 기타,승합,남,53세,상해없음,보행자,남,78세,중상
6321,2020072300100325,2020년 7월 23일 15시,목요일,대구광역시 서구 내당동,경상사고,0,0,1,0,차대사람 - 기타,기타,포장 - 건조,맑음,단일로 - 기타,승합,남,46세,상해없음,보행자,여,68세,경상