,사고번호,사고일시,요일,시군구,사고내용,사망자수,중상자수,경상자수,부상신고자수,사고유형,법규위반,노면상태,기상상태,도로형태,가해운전자 차종,가해운전자 성별,가해운전자 연령,가해운전자 상해정도,피해운전자 차종,피해운전자 성별,피해운전자 연령,피해운전자 상해정도
6431,2020081100100293,2020년 8월 11일 13시,화요일,대구광역시 동구 신기동,중상사고,0,1,0,0,차대사람 - 횡단중,보행자보호의무위반,포장 - 건조,맑음,기타 - 기타,승용,여,54세,상해없음,보행자,남,87세,중상
6432,2020081100100370,2020년 8월 11일 15시,화요일,대구광역시 수성구 신매동,중상사고,0,1,0,0,차대사람 - 기타,기타,포장 - 건조,맑음,단일로 - 기타,승합,남,62세,상해없음,보행자,여,68세,중상
6433,2020081100100405,2020년 8월 11일 16시,화요일,대구광역시 수성구 시지동,경상사고,0,0,1,0,차대사람 - 횡단중,안전운전불이행,포장 - 건조,맑음,단일로 - 기타,승용,여,34세,상해없음,보행자,여,55세,경상
6434,2020081100100439,2020년 8월 11일 17시,화요일,대구광역시 수성구 범어동,중상사고,0,1,0,0,차대사람 - 보도통행중,기타,포장 - 건조,맑음,단일로 - 기타,승용,여,47세,상해없음,보행자,여,78세,중상
6435,2020081100100477,2020년 8월 11일 18시,화요일,대구광역시 동구 신암동,경상사고,0,0,1,0,차대사람 - 보도통행중,보행자보호의무위반,포장 - 건조,맑음,단일로 - 기타,승용,남,77세,상해없음,보행자,남,62세,경상
6436,2020081100100478,2020년 8월 11일 18시,화요일,대구광역시 동구 미대동,경상사고,0,0,1,0,차대사람 - 기타,안전운전불이행,포장 - 건조,흐림,교차로 - 교차로횡단보도내,화물,남,47세,상해없음,보행자,여,59세,경상
6437,2020081100100544,2020년 8월 11일 20시,화요일,대구광역시 달서구 두류동,사망사고,1,0,0,0,차대사람 - 차도통행중,안전운전불이행,포장 - 젖음/습기,비,교차로 - 교차로부근,승용,남,64세,상해없음,보행자,여,82세,사망
6438,2020081100100572,2020년 8월 11일 21시,화요일,대구광역시 북구 산격동,중상사고,0,1,0,0,차대사람 - 기타,안전운전불이행,포장 - 젖음/습기,비,단일로 - 기타,승용,남,51세,상해없음,보행자,여,60세,중상
6439,2020081100100573,2020년 8월 11일 21시,화요일,대구광역시 달서구 이곡동,중상사고,0,1,0,0,차대사람 - 횡단중,신호위반,포장 - 젖음/습기,비,교차로 - 교차로횡단보도내,승용,남,33세,상해없음,보행자,여,51세,중상
6440,2020081200100069,2020년 8월 12일 07시,수요일,대구광역시 달서구 상인동,경상사고,0,0,1,0,차대사람 - 횡단중,보행자보호의무위반,포장 - 건조,맑음,교차로 - 교차로횡단보도내,승용,남,53세,상해없음,보행자,여,17세,경상
6441,2020081200100185,2020년 8월 12일 10시,수요일,대구광역시 달서구 신당동,경상사고,0,0,1,0,차대사람 - 횡단중,보행자보호의무위반,포장 - 건조,맑음,기타 - 기타,승용,남,56세,상해없음,보행자,여,23세,경상
6442,2020081200100400,2020년 8월 12일 16시,수요일,대구광역시 달서구 상인동,경상사고,0,0,1,0,차대사람 - 기타,안전운전불이행,포장 - 건조,맑음,교차로 - 교차로안,승용,여,39세,상해없음,보행자,여,6세,경상
6443,2020081200100402,2020년 8월 12일 16시,수요일,대구광역시 서구 내당동,부상신고사고,0,0,0,1,차대사람 - 기타,안전운전불이행,포장 - 건조,맑음,기타 - 기타,승용,남,66세,상해없음,보행자,여,28세,부상신고
6444,2020081200100540,2020년 8월 12일 20시,수요일,대구광역시 달성군 논공읍,사망사고,1,0,0,0,차대사람 - 횡단중,안전운전불이행,포장 - 건조,맑음,교차로 - 교차로안,승용,남,54세,상해없음,보행자,남,58세,사망
6445,2020081200100541,2020년 8월 12일 20시,수요일,대구광역시 중구 삼덕동1가,경상사고,0,0,1,0,차대사람 - 기타,안전운전불이행,포장 - 건조,맑음,단일로 - 기타,승용,남,62세,상해없음,보행자,여,23세,경상
6446,2020081200100570,2020년 8월 12일 21시,수요일,대구광역시 서구 평리동,경상사고,0,0,1,0,차대사람 - 기타,안전운전불이행,포장 - 건조,맑음,단일로 - 기타,이륜,남,38세,상해없음,보행자,여,66세,경상
6447,2020081300100034,2020년 8월 13일 04시,목요일,대구광역시 수성구 두산동,경상사고,0,0,1,0,차대사람 - 횡단중,안전운전불이행,포장 - 건조,맑음,단일로 - 기타,승용,남,62세,상해없음,보행자,여,22세,경상
6448,2020081300100150,2020년 8월 13일 10시,목요일,대구광역시 수성구 범어동,경상사고,0,0,1,0,차대사람 - 보도통행중,기타,포장 - 건조,맑음,기타 - 기타,승용,여,60세,상해없음,보행자,남,56세,경상
6449,2020081300100151,2020년 8월 13일 10시,목요일,대구광역시 달서구 감삼동,경상사고,0,0,1,0,차대사람 - 기타,기타,포장 - 건조,맑음,단일로 - 기타,승용,남,46세,상해없음,보행자,남,58세,경상
6450,2020081300100233,2020년 8월 13일 12시,목요일,대구광역시 서구 비산동,중상사고,0,1,0,0,차대사람 - 차도통행중,안전운전불이행,포장 - 건조,맑음,교차로 - 교차로안,승용,남,49세,상해없음,보행자,여,71세,중상
6451,2020081300100346,2020년 8월 13일 15시,목요일,대구광역시 동구 신천동,경상사고,0,0,1,0,차대사람 - 기타,안전운전불이행,포장 - 건조,맑음,단일로 - 기타,승용,남,76세,상해없음,보행자,여,19세,경상
6452,2020081300100469,2020년 8월 13일 18시,목요일,대구광역시 북구 산격동,경상사고,0,0,1,0,차대사람 - 횡단중,신호위반,포장 - 건조,맑음,교차로 - 교차로부근,이륜,남,81세,상해없음,보행자,남,52세,경상
6453,2020081300100517,2020년 8월 13일 19시,목요일,대구광역시 수성구 매호동,중상사고,0,1,0,0,차대사람 - 횡단중,보행자보호의무위반,포장 - 건조,맑음,교차로 - 교차로횡단보도내,승용,남,70세,상해없음,보행자,여,76세,중상
6454,2020081300100546,2020년 8월 13일 20시,목요일,대구광역시 중구 동성로2가,경상사고,0,0,1,0,차대사람 - 기타,안전운전불이행,포장 - 건조,맑음,단일로 - 기타,승용,남,33세,상해없음,보행자,여,28세,경상
6455,2020081400100018,2020년 8월 14일 00시,금요일,대구광역시 동구 봉무동,경상사고,0,0,1,0,차대사람 - 차도통행중,안전운전불이행,포장 - 건조,맑음,단일로 - 기타,화물,남,53세,상해없음,보행자,여,19세,경상
6456,2020081400100150,2020년 8월 14일 09시,금요일,대구광역시 동구 불로동,경상사고,0,0,1,0,차대사람 - 기타,안전운전불이행,포장 - 건조,맑음,단일로 - 기타,승용,남,71세,상해없음,보행자,여,29세,경상
6457,2020081400100279,2020년 8월 14일 12시,금요일,대구광역시 달성군 다사읍,중상사고,0,1,0,0,차대사람 - 기타,안전운전불이행,포장 - 건조,맑음,단일로 - 기타,승용,남,51세,상해없음,보행자,여,79세,중상
6458,2020081400100318,2020년 8월 14일 13시,금요일,대구광역시 동구 효목동,부상신고사고,0,0,0,1,차대사람 - 보도통행중,기타,포장 - 건조,맑음,기타 - 기타,기타불명,기타불명,미분류,기타불명,보행자,남,62세,부상신고
6459,2020081400100354,2020년 8월 14일 14시,금요일,대구광역시 동구 율하동,경상사고,0,0,1,0,차대사람 - 기타,안전운전불이행,포장 - 건조,맑음,기타 - 기타,자전거,남,11세,상해없음,보행자,여,64세,경상
6460,2020081400100432,2020년 8월 14일 16시,금요일,대구광역시 중구 동인동4가,중상사고,0,1,0,0,차대사람 - 횡단중,보행자보호의무위반,포장 - 건조,맑음,교차로 - 교차로횡단보도내,화물,남,24세,상해없음,보행자,남,7세,중상
6461,2020081400100613,2020년 8월 14일 20시,금요일,대구광역시 수성구 매호동,중상사고,0,1,0,0,차대사람 - 횡단중,안전운전불이행,포장 - 건조,맑음,단일로 - 기타,승용,여,29세,상해없음,보행자,여,57세,중상
6462,2020081400100617,2020년 8월 14일 20시,금요일,대구광역시 달서구 호산동,경상사고,0,0,1,0,차대사람 - 횡단중,안전운전불이행,포장 - 건조,맑음,기타 - 기타,승용,여,56세,상해없음,보행자,남,52세,경상
6463,2020081500100020,2020년 8월 15일 00시,토요일,대구광역시 수성구 황금동,경상사고,0,0,1,0,차대사람 - 기타,안전운전불이행,포장 - 건조,맑음,단일로 - 기타,승용,남,64세,상해없음,보행자,남,39세,경상
6464,2020081500100124,2020년 8월 15일 08시,토요일,대구광역시 동구 신암동,경상사고,0,0,1,0,차대사람 - 기타,안전운전불이행,포장 - 건조,맑음,기타 - 기타,기타불명,기타불명,미분류,기타불명,보행자,여,77세,경상
6465,2020081500100145,2020년 8월 15일 09시,토요일,대구광역시 남구 봉덕동,경상사고,0,0,1,0,차대사람 - 차도통행중,안전운전불이행,포장 - 건조,맑음,단일로 - 기타,승용,여,51세,상해없음,보행자,여,47세,경상
6466,2020081500100239,2020년 8월 15일 12시,토요일,대구광역시 수성구 두산동,경상사고,0,0,1,0,차대사람 - 기타,안전운전불이행,포장 - 건조,맑음,단일로 - 기타,승용,여,65세,상해없음,보행자,남,36세,경상
6467,2020081500100439,2020년 8월 15일 18시,토요일,대구광역시 남구 대명동,경상사고,0,0,1,0,차대사람 - 보도통행중,신호위반,포장 - 건조,맑음,단일로 - 기타,화물,남,68세,상해없음,보행자,남,60세,경상
6468,2020081500100442,2020년 8월 15일 18시,토요일,대구광역시 달서구 신당동,경상사고,0,0,1,0,차대사람 - 횡단중,보행자보호의무위반,포장 - 건조,맑음,교차로 - 교차로횡단보도내,기타불명,기타불명,미분류,기타불명,보행자,여,29세,경상
6469,2020081500100522,2020년 8월 15일 21시,토요일,대구광역시 북구 사수동,중상사고,0,1,0,0,차대사람 - 횡단중,보행자보호의무위반,포장 - 건조,맑음,교차로 - 교차로횡단보도내,승용,남,41세,상해없음,보행자,여,69세,중상
6470,2020081500100543,2020년 8월 15일 22시,토요일,대구광역시 서구 평리동,중상사고,0,1,1,0,차대사람 - 기타,안전운전불이행,포장 - 건조,맑음,단일로 - 기타,승용,여,59세,상해없음,보행자,여,45세,중상
6471,2020081600100072,2020년 8월 16일 05시,일요일,대구광역시 중구 공평동,부상신고사고,0,0,0,1,차대사람 - 기타,신호위반,포장 - 건조,맑음,단일로 - 기타,승용,남,25세,상해없음,보행자,남,30세,부상신고
6472,2020081600100195,2020년 8월 16일 12시,일요일,대구광역시 달성군 하빈면,중상사고,0,1,0,0,차대사람 - 기타,안전운전불이행,포장 - 건조,맑음,단일로 - 기타,승용,남,55세,상해없음,보행자,남,13세,중상
6473,2020081600100358,2020년 8월 16일 17시,일요일,대구광역시 중구 남산동,중상사고,0,1,0,0,차대사람 - 횡단중,보행자보호의무위반,포장 - 건조,맑음,단일로 - 기타,승용,남,27세,상해없음,보행자,여,65세,중상
6474,2020081700100077,2020년 8월 17일 08시,월요일,대구광역시 동구 각산동,경상사고,0,0,1,0,차대사람 - 기타,기타,포장 - 건조,맑음,기타 - 기타,기타불명,기타불명,미분류,기타불명,보행자,여,59세,경상
6475,2020081700100134,2020년 8월 17일 10시,월요일,대구광역시 수성구 지산동,중상사고,0,1,0,0,차대사람 - 횡단중,보행자보호의무위반,포장 - 건조,맑음,단일로 - 기타,승용,남,50세,상해없음,보행자,남,70세,중상
6476,2020081700100164,2020년 8월 17일 11시,월요일,대구광역시 수성구 범어동,중상사고,0,1,0,0,차대사람 - 기타,안전운전불이행,포장 - 건조,맑음,교차로 - 교차로안,승합,남,57세,상해없음,보행자,여,77세,중상
6477,2020081700100239,2020년 8월 17일 13시,월요일,대구광역시 달서구 진천동,경상사고,0,0,1,0,차대사람 - 횡단중,안전운전불이행,포장 - 건조,맑음,교차로 - 교차로안,승용,여,46세,상해없음,보행자,여,33세,경상
6478,2020081700100319,2020년 8월 17일 15시,월요일,대구광역시 남구 봉덕동,경상사고,0,0,1,0,차대사람 - 횡단중,보행자보호의무위반,포장 - 건조,맑음,교차로 - 교차로횡단보도내,승합,남,60세,상해없음,보행자,여,19세,경상
6479,2020081700100517,2020년 8월 17일 20시,월요일,대구광역시 달서구 이곡동,경상사고,0,0,1,0,차대사람 - 기타,안전운전불이행,포장 - 건조,맑음,기타 - 기타,승용,여,50세,상해없음,보행자,남,69세,경상
6480,2020081700100570,2020년 8월 17일 23시,월요일,대구광역시 수성구 만촌동,중상사고,0,1,0,0,차대사람 - 차도통행중,안전운전불이행,포장 - 건조,맑음,단일로 - 기타,승용,남,31세,상해없음,보행자,여,86세,중상
6481,2020081800100263,2020년 8월 18일 12시,화요일,대구광역시 동구 효목동,경상사고,0,0,1,0,차대사람 - 차도통행중,안전운전불이행,포장 - 건조,맑음,교차로 - 교차로안,승용,남,60세,상해없음,보행자,여,8세,경상
6482,2020081800100357,2020년 8월 18일 14시,화요일,대구광역시 동구 방촌동,부상신고사고,0,0,0,1,차대사람 - 기타,안전운전불이행,포장 - 건조,맑음,단일로 - 기타,승용,여,66세,기타불명,보행자,여,75세,부상신고
6483,2020081800100481,2020년 8월 18일 17시,화요일,대구광역시 달서구 상인동,중상사고,0,1,0,0,차대사람 - 횡단중,안전운전불이행,포장 - 건조,맑음,단일로 - 기타,승용,남,48세,상해없음,보행자,여,10세,중상
6484,2020081800100486,2020년 8월 18일 17시,화요일,대구광역시 서구 비산동,부상신고사고,0,0,0,1,차대사람 - 기타,안전운전불이행,포장 - 건조,맑음,주차장 - 주차장,화물,남,47세,상해없음,보행자,남,42세,부상신고
6485,2020081800100615,2020년 8월 18일 20시,화요일,대구광역시 달서구 감삼동,중상사고,0,1,0,0,차대사람 - 기타,안전운전불이행,포장 - 건조,맑음,단일로 - 기타,승용,남,52세,상해없음,보행자,여,66세,중상
6486,2020081900100045,2020년 8월 19일 05시,수요일,대구광역시 달성군 다사읍,중상사고,0,1,0,0,차대사람 - 횡단중,안전운전불이행,포장 - 건조,맑음,교차로 - 교차로안,승용,남,69세,상해없음,보행자,여,75세,중상
6487,2020081900100373,2020년 8월 19일 15시,수요일,대구광역시 수성구 연호동,사망사고,1,0,0,0,차대사람 - 기타,안전운전불이행,포장 - 건조,맑음,단일로 - 기타,승용,여,74세,상해없음,보행자,남,71세,사망
6488,2020081900100375,2020년 8월 19일 15시,수요일,대구광역시 달서구 월성동,중상사고,0,1,0,0,차대사람 - 기타,기타,포장 - 건조,맑음,단일로 - 기타,승용,남,67세,상해없음,보행자,남,7세,중상
6489,2020082000100006,2020년 8월 20일 00시,목요일,대구광역시 수성구 두산동,경상사고,0,0,1,0,차대사람 - 횡단중,안전운전불이행,포장 - 건조,맑음,교차로 - 교차로횡단보도내,승용,남,33세,상해없음,보행자,남,62세,경상
6490,2020082000100024,2020년 8월 20일 02시,목요일,대구광역시 중구 삼덕동1가,경상사고,0,0,1,0,차대사람 - 길가장자리구역통행중,안전운전불이행,포장 - 건조,맑음,단일로 - 기타,승용,남,19세,상해없음,보행자,남,21세,경상
6491,2020082000100211,2020년 8월 20일 11시,목요일,대구광역시 서구 평리동,경상사고,0,0,3,0,차대사람 - 차도통행중,안전운전불이행,포장 - 건조,맑음,교차로 - 교차로안,승용,남,69세,경상,보행자,남,62세,경상
6492,2020082000100304,2020년 8월 20일 13시,목요일,대구광역시 남구 대명동,부상신고사고,0,0,0,1,차대사람 - 보도통행중,기타,포장 - 건조,맑음,단일로 - 지하차도(도로)내,승용,남,44세,상해없음,보행자,여,21세,부상신고
6493,2020082000100456,2020년 8월 20일 17시,목요일,대구광역시 달서구 진천동,부상신고사고,0,0,0,1,차대사람 - 길가장자리구역통행중,안전운전불이행,포장 - 건조,맑음,단일로 - 기타,승용,여,27세,상해없음,보행자,여,33세,부상신고
6494,2020082000100504,2020년 8월 20일 18시,목요일,대구광역시 달서구 월성동,경상사고,0,0,1,0,차대사람 - 횡단중,안전운전불이행,포장 - 건조,맑음,교차로 - 교차로횡단보도내,화물,남,48세,상해없음,보행자,남,14세,경상
6495,2020082000100543,2020년 8월 20일 19시,목요일,대구광역시 중구 대봉동,경상사고,0,0,1,0,차대사람 - 보도통행중,보행자보호의무위반,포장 - 건조,맑음,단일로 - 기타,승용,여,37세,상해없음,보행자,여,72세,경상
6496,2020082100100033,2020년 8월 21일 03시,금요일,대구광역시 중구 삼덕동1가,부상신고사고,0,0,0,1,차대사람 - 기타,안전운전불이행,포장 - 건조,맑음,단일로 - 기타,기타불명,기타불명,미분류,기타불명,보행자,여,24세,부상신고
6497,2020082100100376,2020년 8월 21일 16시,금요일,대구광역시 북구 읍내동,중상사고,0,1,0,0,차대사람 - 기타,안전운전불이행,포장 - 건조,맑음,단일로 - 기타,승용,여,64세,상해없음,보행자,여,28세,중상
6498,2020082100100498,2020년 8월 21일 19시,금요일,대구광역시 수성구 사월동,중상사고,0,1,0,0,차대사람 - 횡단중,안전운전불이행,포장 - 건조,맑음,단일로 - 기타,이륜,남,27세,상해없음,보행자,남,57세,중상
6499,2020082100100500,2020년 8월 21일 19시,금요일,대구광역시 서구 평리동,사망사고,1,0,0,0,차대사람 - 차도통행중,안전운전불이행,포장 - 건조,맑음,교차로 - 교차로안,승용,여,61세,상해없음,보행자,남,78세,사망
6500,2020082100100600,2020년 8월 21일 22시,금요일,대구광역시 남구 봉덕동,경상사고,0,0,1,0,차대사람 - 기타,기타,포장 - 건조,맑음,단일로 - 기타,승합,남,45세,상해없음,보행자,남,47세,경상
6501,2020082200100012,2020년 8월 22일 00시,토요일,대구광역시 수성구 두산동,중상사고,0,1,0,0,차대사람 - 차도통행중,안전운전불이행,포장 - 건조,맑음,단일로 - 기타,승용,남,43세,상해없음,보행자,여,43세,중상
6502,2020082200100043,2020년 8월 22일 02시,토요일,대구광역시 수성구 황금동,경상사고,0,0,1,0,차대사람 - 횡단중,안전운전불이행,포장 - 건조,맑음,단일로 - 기타,이륜,남,25세,상해없음,보행자,남,31세,경상
6503,2020082200100082,2020년 8월 22일 06시,토요일,대구광역시 동구 신암동,중상사고,0,1,0,0,차대사람 - 기타,안전운전불이행,포장 - 기타,맑음,교차로 - 교차로부근,기타불명,기타불명,미분류,기타불명,보행자,여,77세,중상
6504,2020082200100280,2020년 8월 22일 13시,토요일,대구광역시 북구 대현동,경상사고,0,0,1,0,차대사람 - 기타,안전운전불이행,포장 - 건조,맑음,단일로 - 기타,승용,여,37세,기타불명,보행자,남,62세,경상
6505,2020082200100366,2020년 8월 22일 15시,토요일,대구광역시 북구 복현동,경상사고,0,0,1,0,차대사람 - 길가장자리구역통행중,안전운전불이행,포장 - 건조,맑음,단일로 - 기타,승용,여,64세,상해없음,보행자,남,25세,경상
6506,2020082200100595,2020년 8월 22일 21시,토요일,대구광역시 수성구 노변동,부상신고사고,0,0,0,1,차대사람 - 기타,기타,포장 - 건조,맑음,기타 - 기타,기타불명,기타불명,미분류,기타불명,보행자,여,16세,부상신고
6507,2020082200100614,2020년 8월 22일 22시,토요일,대구광역시 달서구 본동,중상사고,0,1,0,0,차대사람 - 기타,안전운전불이행,포장 - 건조,맑음,교차로 - 교차로안,승용,남,36세,상해없음,보행자,남,59세,중상
6508,2020082300100013,2020년 8월 23일 00시,일요일,대구광역시 달서구 상인동,중상사고,0,1,0,0,차대사람 - 횡단중,신호위반,포장 - 젖음/습기,비,교차로 - 교차로안,기타불명,기타불명,미분류,기타불명,보행자,여,23세,중상
6509,2020082300100049,2020년 8월 23일 03시,일요일,대구광역시 북구 대현동,중상사고,0,1,0,0,차대사람 - 보도통행중,안전운전불이행,포장 - 건조,맑음,기타 - 기타,승용,남,29세,상해없음,보행자,여,89세,중상
6510,2020082300100050,2020년 8월 23일 03시,일요일,대구광역시 중구 삼덕동1가,부상신고사고,0,0,0,1,차대사람 - 기타,안전운전불이행,포장 - 건조,맑음,단일로 - 기타,승용,남,24세,상해없음,보행자,남,23세,부상신고
6511,2020082300100184,2020년 8월 23일 13시,일요일,대구광역시 달서구 송현동,부상신고사고,0,0,0,1,차대사람 - 기타,기타,포장 - 건조,맑음,교차로 - 교차로안,기타불명,기타불명,미분류,기타불명,보행자,남,34세,부상신고
6512,2020082300100283,2020년 8월 23일 16시,일요일,대구광역시 동구 봉무동,경상사고,0,0,1,0,차대사람 - 기타,기타,포장 - 건조,맑음,기타 - 기타,자전거,남,28세,상해없음,보행자,여,3세,경상
6513,2020082300100371,2020년 8월 23일 19시,일요일,대구광역시 남구 대명동,경상사고,0,0,1,0,차대사람 - 기타,안전운전불이행,포장 - 건조,맑음,단일로 - 기타,승용,남,24세,상해없음,보행자,여,57세,경상
6514,2020082300100372,2020년 8월 23일 19시,일요일,대구광역시 수성구 수성동1가,경상사고,0,0,1,0,차대사람 - 보도통행중,보행자보호의무위반,포장 - 건조,맑음,교차로 - 교차로부근,이륜,남,41세,상해없음,보행자,남,54세,경상
6515,2020082300100442,2020년 8월 23일 22시,일요일,대구광역시 달서구 송현동,경상사고,0,0,1,0,차대사람 - 횡단중,안전운전불이행,포장 - 건조,맑음,단일로 - 기타,승용,여,57세,상해없음,보행자,여,17세,경상
6516,2020082400100117,2020년 8월 24일 08시,월요일,대구광역시 동구 괴전동,중상사고,0,1,0,0,차대사람 - 기타,기타,포장 - 건조,맑음,단일로 - 기타,개인형이동수단(PM),여,41세,상해없음,보행자,여,4세,중상
6517,2020082400100159,2020년 8월 24일 09시,월요일,대구광역시 서구 평리동,중상사고,0,1,0,0,차대사람 - 보도통행중,안전운전불이행,포장 - 젖음/습기,맑음,단일로 - 기타,원동기,남,68세,상해없음,보행자,여,66세,중상
6518,2020082400100194,2020년 8월 24일 10시,월요일,대구광역시 북구 복현동,경상사고,0,0,1,0,차대사람 - 횡단중,안전운전불이행,포장 - 건조,맑음,기타 - 기타,승용,여,43세,상해없음,보행자,남,71세,경상
6519,2020082400100325,2020년 8월 24일 14시,월요일,대구광역시 중구 남산동,경상사고,0,0,1,0,차대사람 - 보도통행중,기타,포장 - 건조,맑음,기타 - 기타,기타불명,기타불명,미분류,기타불명,보행자,여,26세,경상
6520,2020082400100373,2020년 8월 24일 15시,월요일,대구광역시 수성구 만촌동,부상신고사고,0,0,0,1,차대사람 - 기타,기타,포장 - 건조,흐림,단일로 - 기타,기타불명,기타불명,미분류,기타불명,보행자,남,14세,부상신고
6521,2020082400100461,2020년 8월 24일 17시,월요일,대구광역시 달서구 상인동,경상사고,0,0,1,0,차대사람 - 횡단중,안전운전불이행,포장 - 건조,맑음,교차로 - 교차로안,승용,여,52세,상해없음,보행자,여,76세,경상
6522,2020082400100560,2020년 8월 24일 19시,월요일,대구광역시 달서구 죽전동,경상사고,0,0,1,0,차대사람 - 기타,안전운전불이행,포장 - 건조,맑음,단일로 - 기타,승용,남,54세,상해없음,보행자,남,44세,경상
6523,2020082400100596,2020년 8월 24일 20시,월요일,대구광역시 수성구 지산동,경상사고,0,0,1,0,차대사람 - 횡단중,보행자보호의무위반,포장 - 건조,맑음,교차로 - 교차로횡단보도내,승용,남,28세,상해없음,보행자,남,40세,경상
6524,2020082400100597,2020년 8월 24일 20시,월요일,대구광역시 달성군 현풍읍,경상사고,0,0,1,0,차대사람 - 기타,기타,포장 - 건조,맑음,단일로 - 기타,승합,남,57세,상해없음,보행자,여,53세,경상
6525,2020082500100019,2020년 8월 25일 01시,화요일,대구광역시 수성구 두산동,중상사고,0,1,0,0,차대사람 - 기타,안전운전불이행,포장 - 건조,맑음,단일로 - 기타,승용,남,25세,상해없음,보행자,남,36세,중상
6526,2020082500100029,2020년 8월 25일 02시,화요일,대구광역시 수성구 황금동,부상신고사고,0,0,0,1,차대사람 - 보도통행중,안전운전불이행,포장 - 건조,맑음,단일로 - 기타,승용,남,56세,상해없음,보행자,남,30세,부상신고
6527,2020082500100121,2020년 8월 25일 08시,화요일,대구광역시 서구 원대동1가,중상사고,0,1,0,0,차대사람 - 기타,안전운전불이행,포장 - 건조,맑음,교차로 - 교차로안,승용,남,46세,상해없음,보행자,여,76세,중상
6528,2020082500100122,2020년 8월 25일 08시,화요일,대구광역시 북구 동천동,경상사고,0,0,1,0,차대사람 - 횡단중,안전운전불이행,포장 - 건조,맑음,교차로 - 교차로부근,승용,남,61세,상해없음,보행자,여,63세,경상
6529,2020082500100272,2020년 8월 25일 12시,화요일,대구광역시 달서구 송현동,중상사고,0,1,0,0,차대사람 - 횡단중,안전운전불이행,포장 - 건조,맑음,단일로 - 기타,승용,남,71세,상해없음,보행자,여,80세,중상
6530,2020082500100415,2020년 8월 25일 16시,화요일,대구광역시 서구 비산동,경상사고,0,0,1,0,차대사람 - 횡단중,안전운전불이행,포장 - 건조,맑음,교차로 - 교차로안,승용,남,66세,상해없음,보행자,남,62세,경상
6531,2020082500100466,2020년 8월 25일 17시,화요일,대구광역시 달서구 진천동,경상사고,0,0,1,0,차대사람 - 길가장자리구역통행중,안전운전불이행,포장 - 건조,맑음,단일로 - 기타,승용,여,57세,상해없음,보행자,남,39세,경상
6532,2020082600100027,2020년 8월 26일 04시,수요일,대구광역시 남구 대명동,중상사고,0,1,0,0,차대사람 - 횡단중,안전운전불이행,포장 - 건조,맑음,단일로 - 기타,승용,남,72세,상해없음,보행자,여,62세,중상
6533,2020082600100311,2020년 8월 26일 15시,수요일,대구광역시 남구 이천동,중상사고,0,1,0,0,차대사람 - 횡단중,안전운전불이행,포장 - 건조,맑음,교차로 - 교차로안,화물,남,46세,상해없음,보행자,남,80세,중상
6534,2020082600100313,2020년 8월 26일 15시,수요일,대구광역시 서구 평리동,경상사고,0,0,1,0,차대사람 - 길가장자리구역통행중,안전운전불이행,포장 - 건조,맑음,단일로 - 기타,승용,여,72세,상해없음,보행자,여,61세,경상
6535,2020082600100386,2020년 8월 26일 17시,수요일,대구광역시 수성구 범어동,경상사고,0,0,1,0,차대사람 - 기타,안전운전불이행,포장 - 건조,맑음,단일로 - 기타,화물,남,39세,상해없음,보행자,남,48세,경상
6536,2020082600100417,2020년 8월 26일 18시,수요일,대구광역시 수성구 수성동1가,경상사고,0,0,1,1,차대사람 - 차도통행중,안전운전불이행,포장 - 건조,맑음,단일로 - 기타,이륜,남,57세,부상신고,보행자,남,21세,경상
6537,2020082600100480,2020년 8월 26일 20시,수요일,대구광역시 중구 종로2가,경상사고,0,0,1,0,차대사람 - 기타,안전운전불이행,포장 - 건조,맑음,단일로 - 기타,승용,남,41세,상해없음,보행자,여,64세,경상
6538,2020082700100106,2020년 8월 27일 08시,목요일,대구광역시 서구 평리동,경상사고,0,0,1,0,차대사람 - 기타,안전운전불이행,포장 - 건조,맑음,단일로 - 기타,승용,남,49세,상해없음,보행자,여,64세,경상
6539,2020082700100145,2020년 8월 27일 09시,목요일,대구광역시 서구 내당동,부상신고사고,0,0,0,1,차대사람 - 차도통행중,안전운전불이행,포장 - 건조,맑음,단일로 - 기타,승용,남,28세,상해없음,보행자,남,43세,부상신고
6540,2020082700100284,2020년 8월 27일 14시,목요일,대구광역시 북구 서변동,경상사고,0,0,1,0,차대사람 - 길가장자리구역통행중,안전운전불이행,포장 - 건조,맑음,단일로 - 기타,기타불명,기타불명,미분류,기타불명,보행자,여,34세,경상