,사고번호,사고일시,요일,시군구,사고내용,사망자수,중상자수,경상자수,부상신고자수,사고유형,법규위반,노면상태,기상상태,도로형태,가해운전자 차종,가해운전자 성별,가해운전자 연령,가해운전자 상해정도,피해운전자 차종,피해운전자 성별,피해운전자 연령,피해운전자 상해정도
7085,2020111900100558,2020년 11월 19일 18시,목요일,대구광역시 북구 학정동,중상사고,0,1,0,0,차대사람 - 횡단중,안전운전불이행,포장 - 건조,맑음,교차로 - 교차로횡단보도내,승용,남,42세,상해없음,보행자,남,39세,중상
7086,2020111900100601,2020년 11월 19일 19시,목요일,대구광역시 북구 검단동,경상사고,0,0,1,0,차대사람 - 기타,안전운전불이행,포장 - 건조,맑음,단일로 - 기타,화물,남,70세,상해없음,보행자,남,58세,경상
7087,2020111900100602,2020년 11월 19일 19시,목요일,대구광역시 중구 남산동,경상사고,0,0,1,0,차대사람 - 횡단중,안전운전불이행,포장 - 건조,맑음,교차로 - 교차로안,승용,남,65세,상해없음,보행자,남,19세,경상
7088,2020111900100626,2020년 11월 19일 20시,목요일,대구광역시 북구 고성동3가,중상사고,0,1,0,0,차대사람 - 기타,안전운전불이행,포장 - 건조,맑음,단일로 - 기타,승용,남,63세,상해없음,보행자,남,55세,중상
7089,2020112000100015,2020년 11월 20일 00시,금요일,대구광역시 동구 방촌동,중상사고,0,1,0,0,차대사람 - 기타,안전운전불이행,포장 - 건조,맑음,단일로 - 기타,승용,남,55세,상해없음,보행자,남,57세,중상
7090,2020112000100075,2020년 11월 20일 06시,금요일,대구광역시 수성구 만촌동,중상사고,0,1,0,0,차대사람 - 기타,안전운전불이행,포장 - 건조,맑음,주차장 - 주차장,승용,남,48세,상해없음,보행자,여,84세,중상
7091,2020112000100157,2020년 11월 20일 09시,금요일,대구광역시 남구 대명동,경상사고,0,0,1,0,차대사람 - 기타,안전운전불이행,포장 - 건조,맑음,단일로 - 지하차도(도로)내,승용,남,56세,상해없음,보행자,남,6세,경상
7092,2020112000100216,2020년 11월 20일 11시,금요일,대구광역시 중구 전동,중상사고,0,1,0,0,차대사람 - 길가장자리구역통행중,안전운전불이행,포장 - 건조,맑음,단일로 - 기타,승용,남,65세,상해없음,보행자,여,73세,중상
7093,2020112000100295,2020년 11월 20일 13시,금요일,대구광역시 수성구 황금동,중상사고,0,1,0,0,차대사람 - 길가장자리구역통행중,안전운전불이행,포장 - 건조,맑음,단일로 - 기타,승용,여,73세,상해없음,보행자,여,21세,중상
7094,2020112000100406,2020년 11월 20일 16시,금요일,대구광역시 서구 평리동,경상사고,0,0,1,0,차대사람 - 기타,안전운전불이행,포장 - 건조,맑음,단일로 - 기타,승용,여,54세,상해없음,보행자,여,68세,경상
7095,2020112000100591,2020년 11월 20일 19시,금요일,대구광역시 수성구 수성동1가,중상사고,0,1,0,0,차대사람 - 횡단중,안전운전불이행,포장 - 건조,맑음,교차로 - 교차로안,승용,남,64세,상해없음,보행자,남,83세,중상
7096,2020112000100668,2020년 11월 20일 21시,금요일,대구광역시 달서구 도원동,경상사고,0,0,1,0,차대사람 - 횡단중,보행자보호의무위반,포장 - 건조,맑음,단일로 - 기타,승용,남,57세,상해없음,보행자,여,40세,경상
7097,2020112100100102,2020년 11월 21일 07시,토요일,대구광역시 달성군 논공읍,중상사고,0,1,0,0,차대사람 - 기타,과속,포장 - 건조,맑음,단일로 - 기타,승용,여,21세,상해없음,보행자,여,54세,중상
7098,2020112100100103,2020년 11월 21일 07시,토요일,대구광역시 북구 산격동,경상사고,0,0,1,0,차대사람 - 횡단중,안전운전불이행,포장 - 건조,맑음,단일로 - 기타,승용,남,41세,상해없음,보행자,남,34세,경상
7099,2020112100100193,2020년 11월 21일 11시,토요일,대구광역시 남구 대명동,경상사고,0,0,1,0,차대사람 - 횡단중,기타,포장 - 건조,맑음,단일로 - 기타,승용,남,24세,상해없음,보행자,여,72세,경상
7100,2020112100100243,2020년 11월 21일 12시,토요일,대구광역시 북구 서변동,경상사고,0,0,1,0,차대사람 - 횡단중,안전운전불이행,포장 - 건조,맑음,단일로 - 기타,승용,남,18세,상해없음,보행자,남,29세,경상
7101,2020112200100046,2020년 11월 22일 02시,일요일,대구광역시 중구 삼덕동1가,경상사고,0,0,1,0,차대사람 - 기타,안전운전불이행,포장 - 건조,맑음,단일로 - 기타,승용,남,18세,상해없음,보행자,남,25세,경상
7102,2020112200100058,2020년 11월 22일 03시,일요일,대구광역시 중구 삼덕동1가,경상사고,0,0,1,0,차대사람 - 기타,안전운전불이행,포장 - 건조,맑음,단일로 - 기타,승용,여,26세,상해없음,보행자,남,21세,경상
7103,2020112200100239,2020년 11월 22일 15시,일요일,대구광역시 달서구 상인동,중상사고,0,1,0,0,차대사람 - 횡단중,안전운전불이행,포장 - 건조,맑음,단일로 - 기타,이륜,남,51세,상해없음,보행자,남,62세,중상
7104,2020112200100260,2020년 11월 22일 16시,일요일,대구광역시 달서구 이곡동,경상사고,0,0,1,0,차대사람 - 보도통행중,기타,포장 - 건조,맑음,단일로 - 기타,원동기,여,32세,상해없음,보행자,여,61세,경상
7105,2020112200100376,2020년 11월 22일 20시,일요일,대구광역시 남구 대명동,경상사고,0,0,1,0,차대사람 - 기타,안전운전불이행,포장 - 건조,맑음,기타 - 기타,승용,남,43세,상해없음,보행자,남,26세,경상
7106,2020112200100396,2020년 11월 22일 21시,일요일,대구광역시 달서구 진천동,경상사고,0,0,1,0,차대사람 - 길가장자리구역통행중,안전운전불이행,포장 - 건조,맑음,단일로 - 기타,승용,여,31세,상해없음,보행자,남,39세,경상
7107,2020112200100413,2020년 11월 22일 22시,일요일,대구광역시 북구 태전동,경상사고,0,0,1,0,차대사람 - 횡단중,기타,포장 - 건조,맑음,기타 - 기타,이륜,남,53세,상해없음,보행자,남,19세,경상
7108,2020112300100120,2020년 11월 23일 08시,월요일,대구광역시 달서구 본리동,중상사고,0,1,0,0,차대사람 - 횡단중,중앙선침범,포장 - 건조,맑음,교차로 - 교차로부근,이륜,남,33세,상해없음,보행자,여,21세,중상
7109,2020112300100161,2020년 11월 23일 09시,월요일,대구광역시 남구 대명동,경상사고,0,0,1,0,차대사람 - 기타,안전운전불이행,포장 - 건조,맑음,교차로 - 교차로부근,승용,여,41세,상해없음,보행자,여,82세,경상
7110,2020112300100367,2020년 11월 23일 15시,월요일,대구광역시 동구 동호동,부상신고사고,0,0,0,1,차대사람 - 기타,기타,포장 - 건조,맑음,단일로 - 기타,승합,남,66세,상해없음,보행자,여,77세,부상신고
7111,2020112300100513,2020년 11월 23일 18시,월요일,대구광역시 동구 효목동,경상사고,0,0,1,0,차대사람 - 횡단중,안전운전불이행,포장 - 건조,맑음,단일로 - 기타,승용,여,69세,상해없음,보행자,남,59세,경상
7112,2020112300100515,2020년 11월 23일 18시,월요일,대구광역시 수성구 만촌동,중상사고,0,1,0,0,차대사람 - 횡단중,보행자보호의무위반,포장 - 건조,맑음,교차로 - 교차로횡단보도내,승용,여,46세,상해없음,보행자,여,67세,중상
7113,2020112400100050,2020년 11월 24일 06시,화요일,대구광역시 남구 봉덕동,경상사고,0,0,1,0,차대사람 - 기타,안전운전불이행,포장 - 건조,맑음,교차로 - 교차로부근,승용,남,64세,상해없음,보행자,남,83세,경상
7114,2020112400100163,2020년 11월 24일 10시,화요일,대구광역시 달서구 월성동,중상사고,0,1,0,0,차대사람 - 횡단중,신호위반,포장 - 건조,맑음,단일로 - 기타,화물,남,79세,상해없음,보행자,여,79세,중상
7115,2020112400100294,2020년 11월 24일 14시,화요일,대구광역시 달서구 용산동,경상사고,0,0,1,0,차대사람 - 횡단중,기타,포장 - 건조,맑음,교차로 - 교차로횡단보도내,승용,남,44세,상해없음,보행자,남,45세,경상
7116,2020112400100296,2020년 11월 24일 14시,화요일,대구광역시 달서구 감삼동,경상사고,0,0,1,0,차대사람 - 기타,안전운전불이행,포장 - 건조,맑음,단일로 - 기타,화물,남,58세,상해없음,보행자,남,77세,경상
7117,2020112400100384,2020년 11월 24일 16시,화요일,대구광역시 달서구 송현동,경상사고,0,0,1,0,차대사람 - 차도통행중,안전운전불이행,포장 - 건조,맑음,단일로 - 기타,승용,남,60세,상해없음,보행자,남,54세,경상
7118,2020112400100432,2020년 11월 24일 17시,화요일,대구광역시 중구 문화동,경상사고,0,0,1,0,차대사람 - 기타,기타,포장 - 건조,맑음,기타 - 기타,기타불명,기타불명,미분류,기타불명,보행자,여,49세,경상
7119,2020112400100614,2020년 11월 24일 22시,화요일,대구광역시 중구 삼덕동1가,경상사고,0,0,1,0,차대사람 - 기타,안전운전불이행,포장 - 건조,맑음,교차로 - 교차로안,승용,여,67세,상해없음,보행자,남,41세,경상
7120,2020112500100027,2020년 11월 25일 05시,수요일,대구광역시 달서구 두류동,경상사고,0,0,1,0,차대사람 - 보도통행중,기타,포장 - 건조,맑음,단일로 - 기타,승용,남,30세,상해없음,보행자,남,51세,경상
7121,2020112500100125,2020년 11월 25일 09시,수요일,대구광역시 남구 대명동,경상사고,0,0,1,0,차대사람 - 횡단중,직진우회전진행방해,포장 - 건조,맑음,교차로 - 교차로안,화물,남,58세,상해없음,보행자,남,77세,경상
7122,2020112500100173,2020년 11월 25일 10시,수요일,대구광역시 달성군 화원읍,경상사고,0,0,1,0,차대사람 - 기타,안전운전불이행,포장 - 건조,맑음,단일로 - 기타,승용,여,23세,상해없음,보행자,여,57세,경상
7123,2020112500100347,2020년 11월 25일 15시,수요일,대구광역시 달성군 다사읍,중상사고,0,1,0,0,차대사람 - 기타,안전운전불이행,포장 - 건조,맑음,기타 - 기타,자전거,남,27세,상해없음,보행자,여,83세,중상
7124,2020112500100492,2020년 11월 25일 18시,수요일,대구광역시 동구 용계동,중상사고,0,1,0,0,차대사람 - 횡단중,안전운전불이행,포장 - 건조,맑음,단일로 - 기타,승용,여,63세,상해없음,보행자,여,77세,중상
7125,2020112600100113,2020년 11월 26일 08시,목요일,대구광역시 수성구 황금동,경상사고,0,0,1,0,차대사람 - 기타,안전운전불이행,포장 - 건조,맑음,단일로 - 기타,승용,남,72세,상해없음,보행자,여,13세,경상
7126,2020112600100259,2020년 11월 26일 13시,목요일,대구광역시 동구 신암동,경상사고,0,0,2,0,차대사람 - 기타,안전운전불이행,포장 - 건조,맑음,단일로 - 기타,자전거,남,16세,경상,보행자,여,10세,경상
7127,2020112600100291,2020년 11월 26일 14시,목요일,대구광역시 달서구 진천동,경상사고,0,0,1,0,차대사람 - 기타,보행자보호의무위반,포장 - 건조,맑음,단일로 - 기타,승용,여,45세,상해없음,보행자,남,12세,경상
7128,2020112600100403,2020년 11월 26일 17시,목요일,대구광역시 수성구 수성동4가,경상사고,0,0,1,0,차대사람 - 기타,보행자보호의무위반,포장 - 건조,맑음,교차로 - 교차로횡단보도내,승용,남,21세,상해없음,보행자,남,36세,경상
7129,2020112600100519,2020년 11월 26일 19시,목요일,대구광역시 수성구 매호동,부상신고사고,0,0,0,1,차대사람 - 기타,안전운전불이행,포장 - 건조,맑음,단일로 - 기타,승용,남,58세,상해없음,보행자,남,60세,부상신고
7130,2020112700100070,2020년 11월 27일 07시,금요일,대구광역시 중구 수창동,경상사고,0,0,1,0,차대사람 - 길가장자리구역통행중,안전운전불이행,포장 - 건조,맑음,단일로 - 기타,승용,남,54세,상해없음,보행자,여,34세,경상
7131,2020112700100109,2020년 11월 27일 09시,금요일,대구광역시 남구 대명동,경상사고,0,0,1,0,차대사람 - 보도통행중,안전운전불이행,포장 - 건조,맑음,단일로 - 기타,승용,여,26세,상해없음,보행자,여,28세,경상
7132,2020112700100112,2020년 11월 27일 09시,금요일,대구광역시 북구 매천동,경상사고,0,0,1,0,차대사람 - 기타,안전운전불이행,포장 - 건조,기타,단일로 - 기타,화물,남,63세,상해없음,보행자,남,65세,경상
7133,2020112700100196,2020년 11월 27일 12시,금요일,대구광역시 달서구 성당동,중상사고,0,1,0,0,차대사람 - 길가장자리구역통행중,안전운전불이행,포장 - 건조,맑음,교차로 - 교차로부근,화물,남,48세,상해없음,보행자,여,27세,중상
7134,2020112700100304,2020년 11월 27일 15시,금요일,대구광역시 북구 산격동,중상사고,0,1,0,0,차대사람 - 기타,안전운전불이행,포장 - 건조,맑음,기타 - 기타,화물,남,54세,상해없음,보행자,남,80세,중상
7135,2020112700100404,2020년 11월 27일 17시,금요일,대구광역시 남구 대명동,경상사고,0,0,1,0,차대사람 - 기타,안전운전불이행,포장 - 건조,맑음,기타 - 기타,승용,남,49세,상해없음,보행자,여,61세,경상
7136,2020112700100407,2020년 11월 27일 17시,금요일,대구광역시 서구 비산동,중상사고,0,1,0,0,차대사람 - 횡단중,안전운전불이행,포장 - 건조,맑음,교차로 - 교차로부근,승용,남,71세,상해없음,보행자,남,25세,중상
7137,2020112700100408,2020년 11월 27일 17시,금요일,대구광역시 중구 동성로2가,경상사고,0,0,1,0,차대사람 - 기타,안전운전불이행,포장 - 건조,맑음,단일로 - 기타,승용,여,22세,상해없음,보행자,여,63세,경상
7138,2020112800100122,2020년 11월 28일 10시,토요일,대구광역시 북구 대현동,중상사고,0,1,0,0,차대사람 - 차도통행중,안전운전불이행,포장 - 건조,맑음,단일로 - 기타,승용,남,69세,상해없음,보행자,여,60세,중상
7139,2020112800100190,2020년 11월 28일 12시,토요일,대구광역시 수성구 수성동3가,경상사고,0,0,1,0,차대사람 - 보도통행중,기타,포장 - 건조,맑음,단일로 - 기타,기타불명,기타불명,미분류,기타불명,보행자,여,54세,경상
7140,2020112800100249,2020년 11월 28일 13시,토요일,대구광역시 달서구 월성동,경상사고,0,0,1,0,차대사람 - 보도통행중,기타,포장 - 건조,맑음,단일로 - 기타,개인형이동수단(PM),남,18세,상해없음,보행자,남,23세,경상
7141,2020112800100407,2020년 11월 28일 17시,토요일,대구광역시 수성구 신매동,경상사고,0,0,1,0,차대사람 - 횡단중,보행자보호의무위반,포장 - 건조,맑음,단일로 - 기타,기타불명,기타불명,미분류,기타불명,보행자,여,13세,경상
7142,2020112800100408,2020년 11월 28일 17시,토요일,대구광역시 수성구 수성동1가,경상사고,0,0,1,0,차대사람 - 횡단중,신호위반,포장 - 건조,맑음,교차로 - 교차로횡단보도내,승용,여,61세,상해없음,보행자,여,52세,경상
7143,2020112800100567,2020년 11월 28일 22시,토요일,대구광역시 수성구 상동,중상사고,0,1,0,0,차대사람 - 기타,안전운전불이행,포장 - 건조,맑음,단일로 - 기타,승합,남,60세,상해없음,보행자,남,28세,중상
7144,2020112900100024,2020년 11월 29일 01시,일요일,대구광역시 수성구 황금동,경상사고,0,0,1,0,차대사람 - 기타,안전운전불이행,포장 - 건조,맑음,단일로 - 기타,승용,남,29세,상해없음,보행자,남,39세,경상
7145,2020112900100307,2020년 11월 29일 18시,일요일,대구광역시 달서구 송현동,중상사고,0,1,1,0,차대사람 - 횡단중,보행자보호의무위반,포장 - 건조,맑음,단일로 - 기타,승용,여,58세,상해없음,보행자,여,68세,중상
7146,2020112900100354,2020년 11월 29일 20시,일요일,대구광역시 서구 원대동1가,중상사고,0,1,0,0,차대사람 - 기타,안전운전불이행,포장 - 건조,기타,단일로 - 기타,승용,남,60세,상해없음,보행자,남,60세,중상
7147,2020112900100355,2020년 11월 29일 20시,일요일,대구광역시 중구 공평동,중상사고,0,1,0,0,차대사람 - 길가장자리구역통행중,안전운전불이행,포장 - 건조,맑음,단일로 - 기타,승용,남,22세,상해없음,보행자,여,23세,중상
7148,2020113000100185,2020년 11월 30일 10시,월요일,대구광역시 북구 관음동,중상사고,0,1,0,0,차대사람 - 기타,안전운전불이행,포장 - 건조,맑음,교차로 - 교차로안,승용,여,31세,상해없음,보행자,여,71세,중상
7149,2020113000100360,2020년 11월 30일 15시,월요일,대구광역시 북구 칠성동2가,경상사고,0,0,1,0,차대사람 - 횡단중,보행자보호의무위반,포장 - 건조,맑음,교차로 - 교차로안,승용,여,58세,상해없음,보행자,여,59세,경상
7150,2020113000100409,2020년 11월 30일 16시,월요일,대구광역시 서구 평리동,경상사고,0,0,2,0,차대사람 - 보도통행중,기타,포장 - 건조,맑음,단일로 - 기타,화물,남,51세,상해없음,보행자,여,67세,경상
7151,2020113000100512,2020년 11월 30일 18시,월요일,대구광역시 북구 매천동,경상사고,0,0,1,0,차대사람 - 횡단중,보행자보호의무위반,포장 - 건조,맑음,교차로 - 교차로횡단보도내,승용,여,55세,상해없음,보행자,여,82세,경상
7152,2020120100100425,2020년 12월 1일 16시,화요일,대구광역시 북구 산격동,중상사고,0,1,0,0,차대사람 - 횡단중,안전운전불이행,포장 - 건조,맑음,단일로 - 기타,승용,남,45세,상해없음,보행자,여,79세,중상
7153,2020120100100523,2020년 12월 1일 18시,화요일,대구광역시 동구 신기동,중상사고,0,1,0,0,차대사람 - 횡단중,보행자보호의무위반,포장 - 건조,맑음,교차로 - 교차로횡단보도내,승용,여,50세,상해없음,보행자,여,55세,중상
7154,2020120100100524,2020년 12월 1일 18시,화요일,대구광역시 수성구 범어동,경상사고,0,0,1,0,차대사람 - 횡단중,보행자보호의무위반,포장 - 건조,맑음,교차로 - 교차로횡단보도내,승용,여,26세,상해없음,보행자,남,36세,경상
7155,2020120200100009,2020년 12월 2일 02시,수요일,대구광역시 수성구 두산동,경상사고,0,0,1,0,차대사람 - 기타,기타,포장 - 건조,맑음,단일로 - 기타,승용,남,61세,상해없음,보행자,여,25세,경상
7156,2020120200100084,2020년 12월 2일 08시,수요일,대구광역시 북구 고성동2가,중상사고,0,1,0,0,차대사람 - 횡단중,안전운전불이행,포장 - 건조,맑음,단일로 - 기타,승용,여,30세,상해없음,보행자,여,54세,중상
7157,2020120200100110,2020년 12월 2일 09시,수요일,대구광역시 북구 복현동,경상사고,0,0,1,0,차대사람 - 횡단중,안전운전불이행,포장 - 건조,맑음,단일로 - 기타,승용,여,62세,상해없음,보행자,여,31세,경상
7158,2020120200100197,2020년 12월 2일 12시,수요일,대구광역시 달서구 장기동,중상사고,0,1,0,0,차대사람 - 기타,안전운전불이행,포장 - 건조,맑음,교차로 - 교차로안,화물,남,28세,상해없음,보행자,남,51세,중상
7159,2020120200100226,2020년 12월 2일 13시,수요일,대구광역시 동구 신암동,경상사고,0,0,2,1,차대사람 - 횡단중,안전운전불이행,포장 - 건조,맑음,교차로 - 교차로안,승합,남,56세,상해없음,보행자,남,20세,부상신고
7160,2020120200100227,2020년 12월 2일 13시,수요일,대구광역시 달서구 진천동,경상사고,0,0,1,0,차대사람 - 횡단중,보행자보호의무위반,포장 - 건조,맑음,교차로 - 교차로횡단보도내,화물,남,54세,상해없음,보행자,남,69세,경상
7161,2020120200100372,2020년 12월 2일 17시,수요일,대구광역시 수성구 황금동,부상신고사고,0,0,0,1,차대사람 - 횡단중,안전운전불이행,포장 - 건조,맑음,교차로 - 교차로횡단보도내,승용,여,58세,상해없음,보행자,남,15세,부상신고
7162,2020120200100437,2020년 12월 2일 18시,수요일,대구광역시 북구 복현동,경상사고,0,0,1,0,차대사람 - 기타,보행자보호의무위반,포장 - 건조,맑음,단일로 - 기타,승용,여,63세,상해없음,보행자,남,10세,경상
7163,2020120200100493,2020년 12월 2일 19시,수요일,대구광역시 서구 비산동,경상사고,0,0,1,0,차대사람 - 기타,안전운전불이행,포장 - 건조,맑음,단일로 - 기타,승용,남,67세,상해없음,보행자,남,56세,경상
7164,2020120200100560,2020년 12월 2일 22시,수요일,대구광역시 달서구 용산동,경상사고,0,0,1,0,차대사람 - 보도통행중,보행자보호의무위반,포장 - 건조,맑음,교차로 - 교차로안,승용,남,51세,상해없음,보행자,여,54세,경상
7165,2020120300100306,2020년 12월 3일 15시,목요일,대구광역시 달서구 송현동,경상사고,0,0,1,0,차대사람 - 길가장자리구역통행중,안전운전불이행,포장 - 건조,맑음,단일로 - 기타,승용,남,62세,상해없음,보행자,여,12세,경상
7166,2020120300100342,2020년 12월 3일 16시,목요일,대구광역시 달서구 송현동,중상사고,0,1,0,0,차대사람 - 차도통행중,안전운전불이행,포장 - 건조,맑음,교차로 - 교차로안,승용,남,68세,상해없음,보행자,여,74세,중상
7167,2020120300100545,2020년 12월 3일 22시,목요일,대구광역시 동구 신천동,경상사고,0,0,1,0,차대사람 - 횡단중,안전운전불이행,포장 - 건조,맑음,기타 - 기타,승용,남,37세,상해없음,보행자,남,47세,경상
7168,2020120300100546,2020년 12월 3일 22시,목요일,대구광역시 서구 평리동,경상사고,0,0,1,0,차대사람 - 횡단중,신호위반,포장 - 건조,맑음,단일로 - 기타,승용,여,64세,상해없음,보행자,남,17세,경상
7169,2020120400100119,2020년 12월 4일 08시,금요일,대구광역시 서구 원대동3가,중상사고,0,1,0,0,차대사람 - 횡단중,안전운전불이행,포장 - 건조,맑음,단일로 - 기타,승용,남,25세,상해없음,보행자,남,58세,중상
7170,2020120400100390,2020년 12월 4일 16시,금요일,대구광역시 달서구 장기동,경상사고,0,0,1,0,차대사람 - 보도통행중,안전운전불이행,포장 - 건조,맑음,단일로 - 기타,승용,남,63세,상해없음,보행자,여,29세,경상
7171,2020120400100438,2020년 12월 4일 17시,금요일,대구광역시 수성구 만촌동,중상사고,0,1,0,0,차대사람 - 횡단중,보행자보호의무위반,포장 - 건조,맑음,단일로 - 기타,승용,여,63세,상해없음,보행자,여,8세,중상
7172,2020120400100439,2020년 12월 4일 17시,금요일,대구광역시 수성구 만촌동,중상사고,0,1,0,0,차대사람 - 횡단중,보행자보호의무위반,포장 - 건조,맑음,기타 - 기타,승용,남,27세,상해없음,보행자,여,33세,중상
7173,2020120500100031,2020년 12월 5일 02시,토요일,대구광역시 달서구 신당동,경상사고,0,0,1,0,차대사람 - 기타,안전운전불이행,포장 - 건조,맑음,단일로 - 기타,승용,남,27세,상해없음,보행자,남,42세,경상
7174,2020120500100072,2020년 12월 5일 08시,토요일,대구광역시 북구 복현동,중상사고,0,1,0,0,차대사람 - 횡단중,보행자보호의무위반,포장 - 건조,맑음,교차로 - 교차로안,화물,남,35세,상해없음,보행자,남,73세,중상
7175,2020120500100319,2020년 12월 5일 15시,토요일,대구광역시 북구 동천동,사망사고,1,0,0,0,차대사람 - 횡단중,안전운전불이행,포장 - 건조,맑음,교차로 - 교차로부근,화물,남,52세,상해없음,보행자,여,52세,사망
7176,2020120500100344,2020년 12월 5일 16시,토요일,대구광역시 서구 비산동,부상신고사고,0,0,0,1,차대사람 - 기타,안전운전불이행,포장 - 건조,맑음,기타 - 기타,승용,남,60세,상해없음,보행자,남,22세,부상신고
7177,2020120500100392,2020년 12월 5일 17시,토요일,대구광역시 달성군 다사읍,경상사고,0,0,1,0,차대사람 - 기타,신호위반,포장 - 건조,맑음,교차로 - 교차로안,승용,남,51세,상해없음,보행자,남,18세,경상
7178,2020120600100032,2020년 12월 6일 02시,일요일,대구광역시 중구 삼덕동1가,경상사고,0,0,1,0,차대사람 - 길가장자리구역통행중,안전운전불이행,포장 - 건조,맑음,단일로 - 기타,승용,남,60세,상해없음,보행자,남,24세,경상
7179,2020120600100039,2020년 12월 6일 04시,일요일,대구광역시 중구 삼덕동1가,부상신고사고,0,0,0,1,차대사람 - 길가장자리구역통행중,안전운전불이행,포장 - 건조,맑음,단일로 - 기타,승용,남,20세,상해없음,보행자,여,22세,부상신고
7180,2020120600100170,2020년 12월 6일 13시,일요일,대구광역시 달서구 송현동,중상사고,0,1,0,0,차대사람 - 기타,안전운전불이행,포장 - 건조,맑음,교차로 - 교차로안,이륜,남,27세,상해없음,보행자,남,56세,중상
7181,2020120600100261,2020년 12월 6일 16시,일요일,대구광역시 남구 대명동,경상사고,0,0,1,0,차대사람 - 기타,안전운전불이행,포장 - 건조,맑음,단일로 - 기타,승용,남,59세,상해없음,보행자,여,82세,경상
7182,2020120600100390,2020년 12월 6일 21시,일요일,대구광역시 중구 삼덕동1가,경상사고,0,0,1,0,차대사람 - 길가장자리구역통행중,안전운전불이행,포장 - 건조,맑음,단일로 - 기타,승용,남,22세,상해없음,보행자,여,21세,경상
7183,2020120700100286,2020년 12월 7일 15시,월요일,대구광역시 수성구 범어동,경상사고,0,0,1,0,차대사람 - 기타,안전운전불이행,포장 - 건조,맑음,단일로 - 기타,승용,여,47세,상해없음,보행자,여,78세,경상
7184,2020120700100326,2020년 12월 7일 16시,월요일,대구광역시 북구 구암동,부상신고사고,0,0,0,1,차대사람 - 기타,안전운전불이행,포장 - 건조,맑음,단일로 - 기타,화물,남,44세,상해없음,보행자,여,15세,부상신고
7185,2020120800100037,2020년 12월 8일 06시,화요일,대구광역시 달서구 본동,경상사고,0,0,1,1,차대사람 - 횡단중,신호위반,포장 - 건조,맑음,단일로 - 기타,이륜,남,24세,부상신고,보행자,남,44세,경상
7186,2020120800100189,2020년 12월 8일 11시,화요일,대구광역시 달서구 진천동,경상사고,0,0,1,0,차대사람 - 차도통행중,안전운전불이행,포장 - 건조,맑음,단일로 - 기타,승용,여,36세,상해없음,보행자,여,49세,경상
7187,2020120800100190,2020년 12월 8일 11시,화요일,대구광역시 달성군 다사읍,경상사고,0,0,1,0,차대사람 - 기타,안전운전불이행,비포장 - 건조,맑음,주차장 - 주차장,승용,남,52세,상해없음,보행자,남,73세,경상
7188,2020120800100308,2020년 12월 8일 14시,화요일,대구광역시 수성구 범어동,경상사고,0,0,1,0,차대사람 - 횡단중,신호위반,포장 - 건조,맑음,교차로 - 교차로안,기타불명,기타불명,미분류,기타불명,보행자,남,13세,경상
7189,2020120800100497,2020년 12월 8일 18시,화요일,대구광역시 북구 대현동,중상사고,0,1,0,0,차대사람 - 횡단중,안전운전불이행,포장 - 건조,맑음,교차로 - 교차로횡단보도내,승용,여,42세,상해없음,보행자,여,72세,중상
7190,2020120800100533,2020년 12월 8일 19시,화요일,대구광역시 수성구 황금동,경상사고,0,0,1,0,차대사람 - 기타,안전운전불이행,포장 - 건조,맑음,교차로 - 교차로안,기타불명,기타불명,미분류,기타불명,보행자,여,63세,경상
7191,2020120800100534,2020년 12월 8일 19시,화요일,대구광역시 달서구 상인동,부상신고사고,0,0,0,1,차대사람 - 기타,기타,포장 - 건조,맑음,단일로 - 기타,승합,남,44세,상해없음,보행자,여,43세,부상신고
7192,2020120800100593,2020년 12월 8일 21시,화요일,대구광역시 북구 구암동,부상신고사고,0,0,0,1,차대사람 - 기타,안전운전불이행,포장 - 건조,맑음,교차로 - 교차로부근,기타불명,기타불명,미분류,기타불명,보행자,여,37세,부상신고
7193,2020120900100060,2020년 12월 9일 07시,수요일,대구광역시 남구 대명동,부상신고사고,0,0,0,1,차대사람 - 횡단중,보행자보호의무위반,포장 - 건조,맑음,교차로 - 교차로횡단보도내,승용,여,58세,상해없음,보행자,남,55세,부상신고