,사고번호,사고일시,요일,시군구,사고내용,사망자수,중상자수,경상자수,부상신고자수,사고유형,법규위반,노면상태,기상상태,도로형태,가해운전자 차종,가해운전자 성별,가해운전자 연령,가해운전자 상해정도,피해운전자 차종,피해운전자 성별,피해운전자 연령,피해운전자 상해정도
7194,2020120900100101,2020년 12월 9일 08시,수요일,대구광역시 북구 고성동3가,경상사고,0,0,1,0,차대사람 - 횡단중,안전운전불이행,포장 - 건조,맑음,교차로 - 교차로안,화물,남,65세,상해없음,보행자,여,42세,경상
7195,2020120900100197,2020년 12월 9일 11시,수요일,대구광역시 수성구 중동,부상신고사고,0,0,0,1,차대사람 - 차도통행중,안전운전불이행,포장 - 건조,맑음,기타 - 기타,승용,남,25세,상해없음,보행자,남,27세,부상신고
7196,2020120900100256,2020년 12월 9일 13시,수요일,대구광역시 달서구 대곡동,중상사고,0,1,0,0,차대사람 - 횡단중,보행자보호의무위반,포장 - 건조,맑음,교차로 - 교차로횡단보도내,승용,여,30세,상해없음,보행자,여,3세,중상
7197,2020120900100311,2020년 12월 9일 15시,수요일,대구광역시 동구 방촌동,중상사고,0,1,0,0,차대사람 - 기타,안전운전불이행,포장 - 건조,맑음,단일로 - 기타,승합,남,53세,상해없음,보행자,여,63세,중상
7198,2020120900100442,2020년 12월 9일 18시,수요일,대구광역시 달성군 구지면,경상사고,0,0,1,0,차대사람 - 횡단중,보행자보호의무위반,포장 - 건조,맑음,교차로 - 교차로횡단보도내,승용,남,53세,상해없음,보행자,남,43세,경상
7199,2020120900100532,2020년 12월 9일 20시,수요일,대구광역시 수성구 지산동,부상신고사고,0,0,0,1,차대사람 - 기타,안전운전불이행,포장 - 건조,맑음,단일로 - 기타,승용,남,34세,상해없음,보행자,남,50세,부상신고
7200,2020120900100601,2020년 12월 9일 23시,수요일,대구광역시 달서구 호산동,경상사고,0,0,1,0,차대사람 - 보도통행중,보행자보호의무위반,포장 - 건조,맑음,교차로 - 교차로횡단보도내,승용,남,39세,상해없음,보행자,남,57세,경상
7201,2020121000100079,2020년 12월 10일 08시,목요일,대구광역시 서구 평리동,경상사고,0,0,1,0,차대사람 - 차도통행중,안전운전불이행,포장 - 건조,맑음,단일로 - 기타,화물,남,58세,상해없음,보행자,여,14세,경상
7202,2020121000100121,2020년 12월 10일 10시,목요일,대구광역시 동구 신서동,경상사고,0,0,1,0,차대사람 - 길가장자리구역통행중,안전운전불이행,포장 - 건조,맑음,단일로 - 기타,승용,남,54세,상해없음,보행자,남,36세,경상
7203,2020121000100176,2020년 12월 10일 12시,목요일,대구광역시 달성군 화원읍,사망사고,1,0,0,0,차대사람 - 기타,안전운전불이행,포장 - 건조,맑음,단일로 - 기타,승용,남,72세,상해없음,보행자,남,70세,사망
7204,2020121000100279,2020년 12월 10일 16시,목요일,대구광역시 남구 대명동,경상사고,0,0,1,0,차대사람 - 차도통행중,안전운전불이행,포장 - 건조,맑음,단일로 - 지하차도(도로)내,승용,남,55세,상해없음,보행자,남,65세,경상
7205,2020121000100333,2020년 12월 10일 17시,목요일,대구광역시 북구 산격동,중상사고,0,1,0,0,차대사람 - 기타,안전운전불이행,포장 - 건조,맑음,단일로 - 기타,승용,남,18세,상해없음,보행자,여,48세,중상
7206,2020121000100386,2020년 12월 10일 18시,목요일,대구광역시 북구 산격동,중상사고,0,1,0,0,차대사람 - 길가장자리구역통행중,안전운전불이행,포장 - 건조,맑음,단일로 - 기타,승용,여,52세,상해없음,보행자,여,27세,중상
7207,2020121100100212,2020년 12월 11일 13시,금요일,대구광역시 북구 산격동,경상사고,0,0,1,0,차대사람 - 기타,안전운전불이행,포장 - 건조,맑음,단일로 - 기타,승용,남,62세,상해없음,보행자,여,36세,경상
7208,2020121100100255,2020년 12월 11일 14시,금요일,대구광역시 서구 비산동,중상사고,0,1,0,0,차대사람 - 보도통행중,보행자보호의무위반,포장 - 건조,맑음,단일로 - 기타,승용,여,53세,상해없음,보행자,여,55세,중상
7209,2020121100100293,2020년 12월 11일 15시,금요일,대구광역시 수성구 지산동,경상사고,0,0,1,0,차대사람 - 기타,안전운전불이행,포장 - 건조,맑음,기타 - 기타,승용,남,69세,상해없음,보행자,남,8세,경상
7210,2020121100100434,2020년 12월 11일 18시,금요일,대구광역시 수성구 두산동,경상사고,0,0,1,0,차대사람 - 기타,안전운전불이행,포장 - 건조,맑음,기타 - 기타,승용,남,60세,상해없음,보행자,남,59세,경상
7211,2020121100100435,2020년 12월 11일 18시,금요일,대구광역시 달서구 상인동,경상사고,0,0,1,0,차대사람 - 횡단중,보행자보호의무위반,포장 - 건조,맑음,교차로 - 교차로횡단보도내,화물,남,63세,상해없음,보행자,여,59세,경상
7212,2020121100100487,2020년 12월 11일 19시,금요일,대구광역시 동구 신서동,경상사고,0,0,1,0,차대사람 - 횡단중,보행자보호의무위반,포장 - 건조,맑음,교차로 - 교차로횡단보도내,승용,여,60세,상해없음,보행자,남,17세,경상
7213,2020121200100007,2020년 12월 12일 00시,토요일,대구광역시 달서구 이곡동,중상사고,0,1,0,0,차대사람 - 횡단중,신호위반,포장 - 건조,맑음,교차로 - 교차로횡단보도내,이륜,남,51세,상해없음,보행자,여,29세,중상
7214,2020121200100030,2020년 12월 12일 04시,토요일,대구광역시 달서구 두류동,경상사고,0,0,1,0,차대사람 - 기타,안전운전불이행,포장 - 건조,맑음,교차로 - 교차로부근,승용,남,26세,상해없음,보행자,남,51세,경상
7215,2020121200100104,2020년 12월 12일 10시,토요일,대구광역시 남구 봉덕동,경상사고,0,0,1,0,차대사람 - 횡단중,보행자보호의무위반,포장 - 건조,맑음,교차로 - 교차로부근,이륜,남,44세,상해없음,보행자,여,64세,경상
7216,2020121300100009,2020년 12월 13일 00시,일요일,대구광역시 수성구 범어동,중상사고,0,1,0,0,차대사람 - 횡단중,신호위반,포장 - 건조,맑음,기타 - 기타,이륜,남,38세,상해없음,보행자,남,16세,중상
7217,2020121300100037,2020년 12월 13일 06시,일요일,대구광역시 서구 비산동,경상사고,0,0,1,0,차대사람 - 기타,안전운전불이행,포장 - 건조,맑음,단일로 - 기타,승용,남,72세,상해없음,보행자,남,56세,경상
7218,2020121400100093,2020년 12월 14일 08시,월요일,대구광역시 수성구 범어동,중상사고,0,1,0,0,차대사람 - 횡단중,안전운전불이행,포장 - 건조,맑음,교차로 - 교차로부근,승용,남,49세,상해없음,보행자,여,74세,중상
7219,2020121400100174,2020년 12월 14일 11시,월요일,대구광역시 남구 대명동,경상사고,0,0,1,0,차대사람 - 횡단중,보행자보호의무위반,포장 - 건조,맑음,단일로 - 기타,승용,남,38세,상해없음,보행자,여,59세,경상
7220,2020121400100237,2020년 12월 14일 13시,월요일,대구광역시 북구 읍내동,경상사고,0,0,1,0,차대사람 - 횡단중,보행자보호의무위반,포장 - 건조,맑음,단일로 - 기타,승용,남,63세,상해없음,보행자,여,61세,경상
7221,2020121400100375,2020년 12월 14일 17시,월요일,대구광역시 수성구 지산동,중상사고,0,1,0,0,차대사람 - 길가장자리구역통행중,안전운전불이행,포장 - 건조,맑음,주차장 - 주차장,승용,남,45세,상해없음,보행자,남,67세,중상
7222,2020121400100435,2020년 12월 14일 18시,월요일,대구광역시 달서구 신당동,경상사고,0,0,1,0,차대사람 - 기타,안전운전불이행,포장 - 건조,맑음,단일로 - 기타,승용,남,33세,상해없음,보행자,여,54세,경상
7223,2020121400100525,2020년 12월 14일 21시,월요일,대구광역시 달서구 두류동,경상사고,0,0,1,0,차대사람 - 길가장자리구역통행중,안전운전불이행,포장 - 건조,맑음,단일로 - 기타,승용,남,65세,상해없음,보행자,여,51세,경상
7224,2020121400100553,2020년 12월 14일 23시,월요일,대구광역시 수성구 매호동,중상사고,0,1,0,0,차대사람 - 기타,안전운전불이행,포장 - 건조,맑음,교차로 - 교차로부근,승용,여,48세,상해없음,보행자,남,59세,중상
7225,2020121500100097,2020년 12월 15일 09시,화요일,대구광역시 수성구 지산동,경상사고,0,0,1,0,차대사람 - 기타,안전운전불이행,포장 - 건조,맑음,주차장 - 주차장,승용,남,65세,상해없음,보행자,남,35세,경상
7226,2020121500100154,2020년 12월 15일 11시,화요일,대구광역시 달서구 상인동,중상사고,0,1,0,0,차대사람 - 차도통행중,안전운전불이행,포장 - 건조,맑음,단일로 - 기타,개인형이동수단(PM),남,14세,상해없음,보행자,여,64세,중상
7227,2020121500100257,2020년 12월 15일 14시,화요일,대구광역시 서구 원대동1가,중상사고,0,1,0,0,차대사람 - 횡단중,보행자보호의무위반,포장 - 건조,맑음,교차로 - 교차로횡단보도내,승용,남,26세,상해없음,보행자,여,63세,중상
7228,2020121500100365,2020년 12월 15일 17시,화요일,대구광역시 동구 동호동,부상신고사고,0,0,0,1,차대사람 - 기타,안전운전불이행,포장 - 건조,맑음,교차로 - 교차로안,이륜,남,47세,부상신고,보행자,남,63세,상해없음
7229,2020121500100460,2020년 12월 15일 19시,화요일,대구광역시 달서구 송현동,경상사고,0,0,1,0,차대사람 - 기타,안전운전불이행,포장 - 건조,맑음,단일로 - 기타,승용,남,40세,상해없음,보행자,남,37세,경상
7230,2020121500100500,2020년 12월 15일 20시,화요일,대구광역시 북구 산격동,중상사고,0,1,0,0,차대사람 - 횡단중,안전운전불이행,포장 - 건조,맑음,교차로 - 교차로안,승용,남,58세,상해없음,보행자,남,52세,중상
7231,2020121600100032,2020년 12월 16일 06시,수요일,대구광역시 중구 동인동3가,중상사고,0,1,1,0,차대사람 - 기타,안전운전불이행,포장 - 건조,맑음,단일로 - 기타,화물,남,45세,상해없음,보행자,남,76세,경상
7232,2020121600100056,2020년 12월 16일 07시,수요일,대구광역시 달서구 신당동,경상사고,0,0,1,0,차대사람 - 횡단중,신호위반,포장 - 건조,맑음,교차로 - 교차로횡단보도내,이륜,남,46세,상해없음,보행자,여,46세,경상
7233,2020121600100090,2020년 12월 16일 08시,수요일,대구광역시 달서구 대천동,경상사고,0,0,1,0,차대사람 - 횡단중,안전운전불이행,포장 - 건조,맑음,교차로 - 교차로안,화물,남,64세,상해없음,보행자,여,52세,경상
7234,2020121600100290,2020년 12월 16일 15시,수요일,대구광역시 수성구 수성동2가,경상사고,0,0,1,0,차대사람 - 횡단중,안전운전불이행,포장 - 건조,맑음,단일로 - 기타,자전거,남,75세,상해없음,보행자,남,74세,경상
7235,2020121600100293,2020년 12월 16일 15시,수요일,대구광역시 서구 평리동,경상사고,0,0,1,0,차대사람 - 보도통행중,기타,포장 - 건조,맑음,단일로 - 기타,승용,남,29세,상해없음,보행자,여,79세,경상
7236,2020121700100204,2020년 12월 17일 11시,목요일,대구광역시 동구 신천동,경상사고,0,0,1,0,차대사람 - 보도통행중,기타,포장 - 건조,맑음,기타 - 기타,이륜,여,53세,상해없음,보행자,남,46세,경상
7237,2020121700100238,2020년 12월 17일 12시,목요일,대구광역시 서구 중리동,부상신고사고,0,0,0,1,차대사람 - 길가장자리구역통행중,안전운전불이행,포장 - 건조,맑음,단일로 - 기타,기타불명,기타불명,미분류,기타불명,보행자,여,미분류,부상신고
7238,2020121700100305,2020년 12월 17일 14시,목요일,대구광역시 수성구 범어동,경상사고,0,0,1,0,차대사람 - 차도통행중,안전운전불이행,포장 - 건조,맑음,교차로 - 교차로안,승용,남,38세,상해없음,보행자,여,81세,경상
7239,2020121700100372,2020년 12월 17일 16시,목요일,대구광역시 서구 평리동,경상사고,0,0,1,0,차대사람 - 기타,안전운전불이행,포장 - 건조,맑음,교차로 - 교차로부근,승용,남,63세,상해없음,보행자,여,7세,경상
7240,2020121700100524,2020년 12월 17일 20시,목요일,대구광역시 남구 대명동,경상사고,0,0,1,0,차대사람 - 길가장자리구역통행중,안전운전불이행,포장 - 건조,맑음,교차로 - 교차로부근,승용,남,32세,상해없음,보행자,남,59세,경상
7241,2020121800100036,2020년 12월 18일 06시,금요일,대구광역시 남구 대명동,경상사고,0,0,1,0,차대사람 - 기타,안전운전불이행,포장 - 건조,맑음,단일로 - 기타,화물,남,54세,상해없음,보행자,여,35세,경상
7242,2020121800100418,2020년 12월 18일 17시,금요일,대구광역시 달서구 감삼동,경상사고,0,0,1,0,차대사람 - 기타,안전운전불이행,포장 - 건조,맑음,단일로 - 기타,승용,남,55세,상해없음,보행자,남,74세,경상
7243,2020121800100545,2020년 12월 18일 19시,금요일,대구광역시 달서구 송현동,부상신고사고,0,0,0,1,차대사람 - 횡단중,안전운전불이행,포장 - 건조,맑음,단일로 - 기타,기타불명,기타불명,미분류,기타불명,보행자,남,42세,부상신고
7244,2020121900100022,2020년 12월 19일 03시,토요일,대구광역시 남구 봉덕동,부상신고사고,0,0,0,1,차대사람 - 기타,보행자보호의무위반,포장 - 건조,맑음,단일로 - 기타,승용,남,35세,상해없음,보행자,남,59세,부상신고
7245,2020121900100023,2020년 12월 19일 03시,토요일,대구광역시 달서구 이곡동,중상사고,0,1,0,0,차대사람 - 기타,안전운전불이행,포장 - 건조,맑음,교차로 - 교차로부근,승합,남,30세,상해없음,보행자,여,24세,중상
7246,2020121900100240,2020년 12월 19일 14시,토요일,대구광역시 북구 읍내동,중상사고,0,1,0,0,차대사람 - 횡단중,신호위반,포장 - 건조,맑음,단일로 - 기타,원동기,남,56세,상해없음,보행자,남,82세,중상
7247,2020121900100311,2020년 12월 19일 16시,토요일,대구광역시 중구 봉산동,경상사고,0,0,1,0,차대사람 - 차도통행중,안전운전불이행,포장 - 건조,맑음,단일로 - 기타,승용,남,62세,상해없음,보행자,여,27세,경상
7248,2020121900100567,2020년 12월 19일 22시,토요일,대구광역시 서구 비산동,중상사고,0,1,0,0,차대사람 - 횡단중,안전운전불이행,포장 - 건조,맑음,단일로 - 기타,승용,남,60세,상해없음,보행자,여,58세,중상
7249,2020122000100212,2020년 12월 20일 17시,일요일,대구광역시 수성구 두산동,경상사고,0,0,1,0,차대사람 - 기타,안전운전불이행,포장 - 건조,맑음,기타 - 기타,승용,여,58세,상해없음,보행자,남,17세,경상
7250,2020122100100135,2020년 12월 21일 09시,월요일,대구광역시 수성구 신매동,경상사고,0,0,1,0,차대사람 - 횡단중,안전운전불이행,포장 - 건조,맑음,교차로 - 교차로횡단보도내,기타불명,기타불명,미분류,기타불명,보행자,여,52세,경상
7251,2020122100100487,2020년 12월 21일 18시,월요일,대구광역시 수성구 지산동,중상사고,0,1,0,0,차대사람 - 횡단중,보행자보호의무위반,포장 - 건조,맑음,단일로 - 기타,승용,여,40세,상해없음,보행자,여,30세,중상
7252,2020122100100488,2020년 12월 21일 18시,월요일,대구광역시 달서구 송현동,부상신고사고,0,0,0,1,차대사람 - 기타,기타,포장 - 건조,맑음,기타 - 기타,특수,남,43세,상해없음,보행자,여,61세,부상신고
7253,2020122200100066,2020년 12월 22일 07시,화요일,대구광역시 남구 봉덕동,경상사고,0,0,1,0,차대사람 - 횡단중,보행자보호의무위반,포장 - 건조,맑음,교차로 - 교차로안,화물,남,60세,상해없음,보행자,여,59세,경상
7254,2020122200100418,2020년 12월 22일 18시,화요일,대구광역시 달서구 성당동,경상사고,0,0,1,0,차대사람 - 보도통행중,기타,포장 - 건조,맑음,기타 - 기타,이륜,남,81세,상해없음,보행자,남,59세,경상
7255,2020122200100571,2020년 12월 22일 22시,화요일,대구광역시 중구 봉산동,중상사고,0,1,0,0,차대사람 - 횡단중,안전운전불이행,포장 - 건조,맑음,단일로 - 기타,이륜,남,21세,상해없음,보행자,남,27세,중상
7256,2020122300100050,2020년 12월 23일 06시,수요일,대구광역시 달서구 상인동,사망사고,1,0,0,0,차대사람 - 횡단중,과속,포장 - 건조,맑음,단일로 - 기타,승용,남,23세,상해없음,보행자,남,85세,사망
7257,2020122300100220,2020년 12월 23일 12시,수요일,대구광역시 북구 구암동,사망사고,1,1,1,0,차대사람 - 기타,안전운전불이행,포장 - 건조,맑음,단일로 - 기타,화물,남,25세,상해없음,보행자,남,69세,중상
7258,2020122300100337,2020년 12월 23일 16시,수요일,대구광역시 달서구 상인동,중상사고,0,1,0,0,차대사람 - 횡단중,기타,포장 - 건조,맑음,단일로 - 기타,승용,여,64세,상해없음,보행자,여,68세,중상
7259,2020122300100338,2020년 12월 23일 16시,수요일,대구광역시 북구 칠성동1가,중상사고,0,1,0,0,차대사람 - 횡단중,안전운전불이행,포장 - 건조,맑음,단일로 - 기타,승용,여,50세,상해없음,보행자,남,84세,중상
7260,2020122300100553,2020년 12월 23일 20시,수요일,대구광역시 달서구 상인동,중상사고,0,1,0,0,차대사람 - 기타,안전운전불이행,포장 - 건조,맑음,단일로 - 기타,승용,여,28세,상해없음,보행자,남,56세,중상
7261,2020122400100097,2020년 12월 24일 08시,목요일,대구광역시 동구 검사동,경상사고,0,0,1,0,차대사람 - 기타,안전운전불이행,포장 - 건조,맑음,단일로 - 기타,승용,남,27세,상해없음,보행자,여,43세,경상
7262,2020122400100098,2020년 12월 24일 08시,목요일,대구광역시 동구 율하동,경상사고,0,0,1,0,차대사람 - 횡단중,보행자보호의무위반,포장 - 건조,맑음,교차로 - 교차로횡단보도내,승용,여,53세,상해없음,보행자,남,7세,경상
7263,2020122400100099,2020년 12월 24일 08시,목요일,대구광역시 달서구 유천동,중상사고,0,1,0,0,차대사람 - 횡단중,보행자보호의무위반,포장 - 건조,맑음,교차로 - 교차로부근,승용,남,64세,상해없음,보행자,남,8세,중상
7264,2020122400100120,2020년 12월 24일 09시,목요일,대구광역시 수성구 범물동,중상사고,0,1,0,0,차대사람 - 횡단중,안전운전불이행,포장 - 건조,맑음,단일로 - 기타,승용,여,45세,상해없음,보행자,남,85세,중상
7265,2020122400100121,2020년 12월 24일 09시,목요일,대구광역시 수성구 사월동,경상사고,0,0,1,0,차대사람 - 기타,기타,포장 - 건조,맑음,단일로 - 기타,승합,남,52세,상해없음,보행자,여,28세,경상
7266,2020122400100325,2020년 12월 24일 15시,목요일,대구광역시 수성구 황금동,중상사고,0,1,0,0,차대사람 - 횡단중,안전운전불이행,포장 - 건조,맑음,교차로 - 교차로부근,승용,여,64세,상해없음,보행자,여,73세,중상
7267,2020122400100327,2020년 12월 24일 15시,목요일,대구광역시 서구 비산동,중상사고,0,1,0,0,차대사람 - 기타,안전운전불이행,포장 - 건조,맑음,교차로 - 교차로부근,승용,남,40세,상해없음,보행자,여,54세,중상
7268,2020122400100583,2020년 12월 24일 20시,목요일,대구광역시 서구 평리동,부상신고사고,0,0,0,1,차대사람 - 기타,안전운전불이행,포장 - 건조,맑음,단일로 - 기타,원동기,남,32세,부상신고,보행자,남,21세,상해없음
7269,2020122400100622,2020년 12월 24일 21시,목요일,대구광역시 동구 봉무동,경상사고,0,0,1,0,차대사람 - 횡단중,신호위반,포장 - 건조,맑음,교차로 - 교차로안,이륜,남,24세,상해없음,보행자,남,59세,경상
7270,2020122500100242,2020년 12월 25일 17시,금요일,대구광역시 북구 동천동,경상사고,0,0,1,0,차대사람 - 보도통행중,기타,포장 - 건조,맑음,단일로 - 기타,개인형이동수단(PM),남,25세,상해없음,보행자,여,30세,경상
7271,2020122600100211,2020년 12월 26일 15시,토요일,대구광역시 북구 대현동,경상사고,0,0,1,0,차대사람 - 보도통행중,기타,포장 - 건조,맑음,단일로 - 기타,자전거,남,11세,상해없음,보행자,남,58세,경상
7272,2020122600100311,2020년 12월 26일 18시,토요일,대구광역시 수성구 두산동,경상사고,0,0,1,0,차대사람 - 횡단중,보행자보호의무위반,포장 - 건조,맑음,단일로 - 기타,이륜,남,17세,상해없음,보행자,여,53세,경상
7273,2020122700100219,2020년 12월 27일 18시,일요일,대구광역시 달성군 다사읍,중상사고,0,1,0,0,차대사람 - 기타,보행자보호의무위반,포장 - 건조,맑음,교차로 - 교차로횡단보도내,승용,남,40세,상해없음,보행자,남,60세,중상
7274,2020122700100283,2020년 12월 27일 21시,일요일,대구광역시 남구 대명동,부상신고사고,0,0,0,1,차대사람 - 기타,안전운전불이행,포장 - 건조,맑음,단일로 - 기타,기타불명,기타불명,미분류,기타불명,보행자,남,55세,부상신고
7275,2020122800100260,2020년 12월 28일 13시,월요일,대구광역시 중구 남산동,경상사고,0,0,1,0,차대사람 - 기타,신호위반,포장 - 건조,맑음,교차로 - 교차로안,승용,남,51세,상해없음,보행자,여,7세,경상
7276,2020122800100294,2020년 12월 28일 14시,월요일,대구광역시 달서구 진천동,경상사고,0,0,1,0,차대사람 - 길가장자리구역통행중,안전운전불이행,포장 - 건조,맑음,교차로 - 교차로부근,승용,남,34세,상해없음,보행자,남,38세,경상
7277,2020122800100295,2020년 12월 28일 14시,월요일,대구광역시 서구 비산동,경상사고,0,0,1,0,차대사람 - 보도통행중,안전운전불이행,포장 - 건조,맑음,단일로 - 기타,승용,남,57세,상해없음,보행자,여,50세,경상
7278,2020122800100467,2020년 12월 28일 18시,월요일,대구광역시 동구 도동,경상사고,0,0,1,0,차대사람 - 기타,안전운전불이행,포장 - 건조,맑음,주차장 - 주차장,승용,남,71세,기타불명,보행자,여,22세,경상
7279,2020122800100495,2020년 12월 28일 19시,월요일,대구광역시 수성구 황금동,경상사고,0,0,1,0,차대사람 - 횡단중,보행자보호의무위반,포장 - 건조,맑음,기타 - 기타,승용,남,28세,상해없음,보행자,여,61세,경상
7280,2020122800100496,2020년 12월 28일 19시,월요일,대구광역시 북구 관음동,경상사고,0,0,1,0,차대사람 - 횡단중,안전운전불이행,포장 - 건조,맑음,단일로 - 기타,승용,남,30세,상해없음,보행자,여,63세,경상
7281,2020122800100524,2020년 12월 28일 20시,월요일,대구광역시 달서구 성당동,경상사고,0,0,1,0,차대사람 - 횡단중,안전운전불이행,포장 - 건조,맑음,단일로 - 기타,이륜,남,29세,상해없음,보행자,남,56세,경상
7282,2020122900100333,2020년 12월 29일 18시,화요일,대구광역시 북구 대현동,경상사고,0,0,1,0,차대사람 - 횡단중,신호위반,포장 - 건조,맑음,교차로 - 교차로횡단보도내,승용,남,68세,상해없음,보행자,남,42세,경상
7283,2020122900100411,2020년 12월 29일 20시,화요일,대구광역시 수성구 만촌동,중상사고,0,1,1,0,차대사람 - 횡단중,신호위반,포장 - 젖음/습기,눈,단일로 - 기타,이륜,남,40세,경상,보행자,여,28세,중상
7284,2020123000100037,2020년 12월 30일 06시,수요일,대구광역시 수성구 중동,중상사고,0,1,0,0,차대사람 - 횡단중,신호위반,포장 - 젖음/습기,기타,교차로 - 교차로횡단보도내,승용,여,59세,상해없음,보행자,여,68세,중상
7285,2020123000100194,2020년 12월 30일 12시,수요일,대구광역시 서구 평리동,경상사고,0,0,1,0,차대사람 - 차도통행중,안전운전불이행,포장 - 건조,맑음,단일로 - 기타,승용,남,49세,상해없음,보행자,남,39세,경상
7286,2020123000100195,2020년 12월 30일 12시,수요일,대구광역시 서구 평리동,중상사고,0,1,0,0,차대사람 - 횡단중,보행자보호의무위반,포장 - 건조,맑음,교차로 - 교차로횡단보도내,건설기계,남,42세,상해없음,보행자,남,58세,중상
7287,2020123000100276,2020년 12월 30일 15시,수요일,대구광역시 남구 대명동,부상신고사고,0,0,0,1,차대사람 - 기타,안전운전불이행,포장 - 건조,맑음,단일로 - 기타,기타불명,기타불명,미분류,기타불명,보행자,남,83세,부상신고
7288,2020123000100277,2020년 12월 30일 15시,수요일,대구광역시 동구 서호동,경상사고,0,0,1,0,차대사람 - 길가장자리구역통행중,안전운전불이행,포장 - 건조,맑음,단일로 - 기타,승용,남,81세,상해없음,보행자,남,52세,경상
7289,2020123000100350,2020년 12월 30일 17시,수요일,대구광역시 동구 검사동,중상사고,0,1,0,0,차대사람 - 횡단중,보행자보호의무위반,포장 - 건조,맑음,기타 - 기타,승합,남,37세,상해없음,보행자,여,61세,중상
7290,2020123000100352,2020년 12월 30일 17시,수요일,대구광역시 달서구 상인동,경상사고,0,0,1,0,차대사람 - 길가장자리구역통행중,안전운전불이행,포장 - 건조,맑음,단일로 - 기타,화물,남,62세,상해없음,보행자,남,12세,경상
7291,2020123000100472,2020년 12월 30일 20시,수요일,대구광역시 동구 율하동,중상사고,0,1,0,0,차대사람 - 기타,안전운전불이행,포장 - 건조,맑음,기타 - 기타,승용,여,30세,상해없음,보행자,여,5세,중상
7292,2020123000100512,2020년 12월 30일 21시,수요일,대구광역시 달서구 감삼동,중상사고,0,1,0,0,차대사람 - 길가장자리구역통행중,안전운전불이행,포장 - 건조,맑음,교차로 - 교차로부근,승용,남,26세,상해없음,보행자,남,53세,중상
7293,2020123100100060,2020년 12월 31일 08시,목요일,대구광역시 달서구 장기동,중상사고,0,1,0,0,차대사람 - 횡단중,보행자보호의무위반,포장 - 건조,맑음,교차로 - 교차로횡단보도내,승용,남,64세,상해없음,보행자,남,24세,중상
7294,2020123100100076,2020년 12월 31일 09시,목요일,대구광역시 서구 평리동,중상사고,0,1,0,0,차대사람 - 횡단중,안전운전불이행,포장 - 건조,맑음,단일로 - 기타,승용,여,47세,상해없음,보행자,여,82세,중상
7295,2020123100100134,2020년 12월 31일 11시,목요일,대구광역시 동구 신암동,경상사고,0,0,1,0,차대사람 - 보도통행중,안전운전불이행,포장 - 건조,맑음,단일로 - 기타,승용,여,64세,상해없음,보행자,여,45세,경상
7296,2020123100100135,2020년 12월 31일 11시,목요일,대구광역시 수성구 만촌동,경상사고,0,0,1,0,차대사람 - 기타,안전운전불이행,포장 - 건조,맑음,교차로 - 교차로안,승용,남,54세,상해없음,보행자,남,15세,경상
7297,2020123100100237,2020년 12월 31일 14시,목요일,대구광역시 북구 산격동,경상사고,0,0,1,0,차대사람 - 기타,보행자보호의무위반,포장 - 건조,맑음,단일로 - 기타,화물,남,64세,상해없음,보행자,남,8세,경상
7298,2020123100100304,2020년 12월 31일 16시,목요일,대구광역시 서구 평리동,경상사고,0,0,1,0,차대사람 - 차도통행중,안전운전불이행,포장 - 건조,맑음,단일로 - 기타,승용,남,30세,상해없음,보행자,여,8세,경상
7299,2020123100100365,2020년 12월 31일 17시,목요일,대구광역시 달서구 두류동,경상사고,0,0,1,0,차대사람 - 기타,기타,포장 - 건조,맑음,단일로 - 기타,승합,남,61세,상해없음,보행자,여,52세,경상
7300,2020123100100427,2020년 12월 31일 18시,목요일,대구광역시 달성군 구지면,중상사고,0,1,0,0,차대사람 - 길가장자리구역통행중,보행자보호의무위반,포장 - 건조,맑음,교차로 - 교차로안,화물,남,44세,상해없음,보행자,남,45세,중상
7301,2020123100100429,2020년 12월 31일 18시,목요일,대구광역시 북구 칠성동2가,중상사고,0,1,0,0,차대사람 - 차도통행중,안전운전불이행,포장 - 건조,맑음,단일로 - 기타,승용,남,32세,상해없음,보행자,여,87세,중상